code	label	type	class	reason	amazon_product_types	amazon_required_in	ebay_aspect_en	ebay_aspect_it	ebay_required	shopify	etsy	equivalents_or_duplicates	source
material	Material	text	core	Main material; used by Amazon, eBay (Materiale) and Etsy (materials)	OUTERWEAR, COAT, PANTS, SUIT, GLOVES, AUTO_ACCESSORY, APPAREL (Owner X-RACING template only)	tpl COAT+PANTS 2026-07=Recommended; tpl APPAREL 2026-07=Recommended; tpl COAT 2025-05=Conditionally required; OUTERWEAR IT schema=requiredIfRelevant; validator missing-required 2026-09-07: GLOVES	Material	Materiale [177101,177104,177109]	177101=?; 177104=recommended; 177109=?	std Fabric (MO/RS/RP), Gear material (MPG/CB/KS), Handwear material (MG); not mapped	listing field materials (mapped 2026-09-10)	overlaps fabric_type, outer, exact_material, specific_material, compliance_outer_surface_material; proposed material_composition (local only)	dictionary: 2026-09-10 CustomAttribute read (etsy-attributes/master-data-audit.json, 242 rows); in 2026-09-11 Jackets family (198) as "Core shared facts"; mappings: 2026-09-07 completed-field-connections.json; populated rows 2026-09-10: 0
model_number	Model number	text	core	Manufacturer model identifier; any channel	OUTERWEAR, COAT, PANTS, SUIT, GLOVES, AUTO_ACCESSORY	tpl COAT+PANTS 2026-07=Recommended; tpl COAT 2025-05=Conditionally required; OUTERWEAR IT schema=requiredIfRelevant	none mapped	none mapped	n/a	? (no std attribute; store metafield "Google: MPN" exists, not mapped)	?	part_number (Amazon); eBay native MPN column; model_name is the display name	dictionary: 2026-09-10 CustomAttribute read (etsy-attributes/master-data-audit.json, 242 rows); in 2026-09-11 Jackets family (198) as "Core shared facts"; mappings: 2026-09-07 completed-field-connections.json; populated rows 2026-09-10: 0
color	Color	text	core	Variant colour; every channel	OUTERWEAR, COAT, PANTS, SUIT, GLOVES, AUTO_ACCESSORY, APPAREL (Owner X-RACING template only)	tpl COAT+PANTS 2026-07=Conditionally required; tpl APPAREL 2026-07=Conditionally required; tpl COAT 2025-05=Conditionally required; OUTERWEAR IT schema=optional	Color	Colore [177101,177104,177109]	177101=?; 177104=optional; 177109=?	std Color (all apparel/moto categories); store metafield shopify.color-pattern exists, not mapped	category property Primary color (inherits by name when the category declares it)	dup group: exact_color, specific_color, color__standardized_values; imported variant keys Color/Colore	dictionary: 2026-09-10 CustomAttribute read (etsy-attributes/master-data-audit.json, 242 rows); in 2026-09-11 Jackets family (198) as "Core shared facts"; mappings: 2026-09-07 completed-field-connections.json; populated rows 2026-09-10: 0
size	Size	text	core	Variant size; every channel	OUTERWEAR, COAT, PANTS, SUIT, GLOVES, AUTO_ACCESSORY, APPAREL (Owner X-RACING template only) [Amazon field: apparel_size__size / bottoms_size__size]	tpl COAT+PANTS 2026-07=Conditionally required; tpl APPAREL 2026-07=Conditionally required; tpl COAT 2025-05=Conditionally required; OUTERWEAR IT schema=optional; validator missing-required 2026-09-07: OUTERWEAR/COAT/SUIT/GLOVES	Size	Taglia [177101,177104,177109]	177101=?; 177104=recommended; 177109=?	std Size (MO/RS/RP), Accessory size (MPG/MG/CB/KS); not mapped	category size property (unscaled only; scaled sizes need explicit mapping)	Amazon apparel_size.size / bottoms_size.size; imported Size/Taglia; size system: garment_size_country, apparel_size__size_class; proposed size_system (local only)	dictionary: 2026-09-10 CustomAttribute read (etsy-attributes/master-data-audit.json, 242 rows); in 2026-09-11 Jackets family (198) as "Core shared facts"; mappings: 2026-09-07 completed-field-connections.json; populated rows 2026-09-10: 0
target_gender	Target gender	text	core	Gender the product is made for; Amazon-required, Shopify std	OUTERWEAR, COAT, PANTS, SUIT, APPAREL (Owner X-RACING template only)	tpl COAT+PANTS 2026-07=Conditionally required; tpl APPAREL 2026-07=Conditionally required; tpl COAT 2025-05=Conditionally required; OUTERWEAR IT schema=requiredIfRelevant; validator missing-required 2026-09-07: OUTERWEAR/COAT/PANTS/SUIT	none mapped	none mapped	n/a	std Target gender (all); store metafield "Google: Gender" exists, not mapped	?	department (Amazon), suitable_for (eBay Adatto a), body_type (imported "Uomo"), eBay custom specific Genere; eBay custom "athlete" carries a gender value in the files	dictionary: 2026-09-10 CustomAttribute read (etsy-attributes/master-data-audit.json, 242 rows); in 2026-09-11 Jackets family (198) as "Core shared facts"; mappings: 2026-09-07 completed-field-connections.json; populated rows 2026-09-10: 0
age_range_description	Age range	text	core	Adult/child audience; Amazon, eBay 177101 Eta, Shopify	OUTERWEAR, COAT, PANTS, SUIT, APPAREL (Owner X-RACING template only)	tpl COAT+PANTS 2026-07=Conditionally required; tpl APPAREL 2026-07=Conditionally required; tpl COAT 2025-05=Conditionally required; OUTERWEAR IT schema=requiredIfRelevant; validator missing-required 2026-09-07: OUTERWEAR/COAT/PANTS/SUIT	Age	Età [177101]	177101=?	std Age group (MO/RS/RP); store metafield "Google: Age Group" exists, not mapped	?	compliance_age_range (Amazon compliance copy)	dictionary: 2026-09-10 CustomAttribute read (etsy-attributes/master-data-audit.json, 242 rows); in 2026-09-11 Jackets family (198) as "Core shared facts"; mappings: 2026-09-07 completed-field-connections.json; populated rows 2026-09-10: 0
fabric_type	Fabric composition	textarea	core	Fibre composition text; Amazon-required on every apparel type	OUTERWEAR, COAT, PANTS, SUIT, AUTO_ACCESSORY, APPAREL (Owner X-RACING template only)	tpl COAT+PANTS 2026-07=Required; tpl APPAREL 2026-07=Required; tpl COAT 2025-05=Required; OUTERWEAR IT schema=required; validator missing-required 2026-09-07: OUTERWEAR/COAT/PANTS/SUIT	none mapped	none mapped	n/a	std Fabric (MO/RS/RP); not mapped	?	material, outer, inner, exact_material, specific_material, weave_type; proposed material_composition	dictionary: 2026-09-10 CustomAttribute read (etsy-attributes/master-data-audit.json, 242 rows); in 2026-09-11 Jackets family (198) as "Core shared facts"; mappings: 2026-09-07 completed-field-connections.json; populated rows 2026-09-10: 1
fit_type	Fit	text	core	Fit (regular/slim); Amazon and eBay 177101 Adatta (Fit)	OUTERWEAR, COAT, PANTS, SUIT, AUTO_ACCESSORY, APPAREL (Owner X-RACING template only)	tpl COAT+PANTS 2026-07=Recommended; tpl APPAREL 2026-07=Recommended; tpl COAT 2025-05=Conditionally required; OUTERWEAR IT schema=requiredIfRelevant	Fit	Adatta [177101]	177101=?	? (no matching std attribute in MO/MG/MPG; not mapped)	?	fit_to_size_sentiment (Amazon)	dictionary: 2026-09-10 CustomAttribute read (etsy-attributes/master-data-audit.json, 242 rows); in 2026-09-11 Jackets family (198) as "Core shared facts"; mappings: 2026-09-07 completed-field-connections.json; populated rows 2026-09-10: 0
care_instructions	Care instructions	textarea	core	Garment care; Amazon, eBay (Cura dell'indumento), Shopify	OUTERWEAR, COAT, PANTS, SUIT, APPAREL (Owner X-RACING template only)	tpl COAT+PANTS 2026-07=Conditionally required; tpl APPAREL 2026-07=Conditionally required; tpl COAT 2025-05=Conditionally required; OUTERWEAR IT schema=requiredIfRelevant; validator missing-required 2026-09-07: OUTERWEAR/COAT/PANTS/SUIT	Garment care	Cura dell'indumento [177104,177109]	177104=optional; 177109=?	std Care instructions (MO/RS/RP); not mapped	?	none in dictionary	dictionary: 2026-09-10 CustomAttribute read (etsy-attributes/master-data-audit.json, 242 rows); in 2026-09-11 Jackets family (198) as "Core shared facts"; mappings: 2026-09-07 completed-field-connections.json; populated rows 2026-09-10: 0
water_resistance_level	Water resistance	text	core	Waterproof/water-resistant grade; Amazon, Shopify feature value	OUTERWEAR, COAT, PANTS, SUIT, GLOVES	tpl COAT+PANTS 2026-07=Conditionally required; tpl COAT 2025-05=Conditionally required; OUTERWEAR IT schema=optional; validator missing-required 2026-09-07: OUTERWEAR/COAT/PANTS/SUIT/GLOVES	none mapped	none mapped	n/a	std Outerwear clothing features value "Waterproof" (MO) / Protective gear features "Waterproof" (MPG); not mapped	?	coat_weather_protection, has_coat_weather_resistance, climate_suitability; eBay Caratteristiche value "Impermeabile"	dictionary: 2026-09-10 CustomAttribute read (etsy-attributes/master-data-audit.json, 242 rows); in 2026-09-11 Jackets family (198) as "Core shared facts"; mappings: 2026-09-07 completed-field-connections.json; populated rows 2026-09-10: 1
countryOfOrigin	Country of origin	text	core	Country of origin; Amazon, eBay, Shopify all mapped	OUTERWEAR, COAT, PANTS, SUIT, GLOVES, AUTO_ACCESSORY, APPAREL (Owner X-RACING template only) [Amazon field: country_of_origin]	tpl COAT+PANTS 2026-07=Required; tpl APPAREL 2026-07=Required; tpl COAT 2025-05=Required; OUTERWEAR IT schema=required; validator missing-required 2026-09-07: OUTERWEAR/COAT/PANTS/SUIT/GLOVES/AUTO_ACCESSORY	Country of origin	Paese di origine [177101,177104,177109]	177101=?; 177104=optional; 177109=?	native countryCodeOfOrigin (mapped 2026-09-10)	?	Amazon country_of_origin; eBay Paese di origine; eBay custom Paese di fabbricazione; saved key categoryAttributes.country_of_origin	dictionary: 2026-09-10 CustomAttribute read (etsy-attributes/master-data-audit.json, 242 rows); in 2026-09-11 Jackets family (198) as "Core shared facts"; mappings: 2026-09-07 completed-field-connections.json; value stored in native Product.countryOfOrigin column; fill not measured here (Shopify audit 2026-09-10: 21/338 products)
hsCode	HS code	text	core	Customs tariff code; channel-neutral	none mapped	n/a (no Amazon field sourced from it)	none mapped	none mapped	n/a	native harmonizedSystemCode (mapped 2026-09-10)	?	none	dictionary: 2026-09-10 CustomAttribute read (etsy-attributes/master-data-audit.json, 242 rows); in 2026-09-11 Jackets family (198) as "Core shared facts"; mappings: 2026-09-07 completed-field-connections.json; value stored in native Product.hsCode column; fill not measured here
ppeCategory	PPE category	text	core	EU PPE Regulation category; channel-neutral compliance fact (no channel field mapped)	none mapped	n/a (no Amazon field sourced from it)	none mapped	none mapped	n/a	? (no matching std attribute in MO/MG/MPG; not mapped)	?	garmentClass, regulatory_compliance_certification, ceCertification	dictionary: 2026-09-10 CustomAttribute read (etsy-attributes/master-data-audit.json, 242 rows); in 2026-09-11 Jackets family (198) as "Conditional safety and compliance"; mappings: 2026-09-07 completed-field-connections.json; value stored in native Product.ppeCategory column; fill not measured here
garmentClass	Protective garment class	text	core	EN 17092 garment class (AAA..C); channel-neutral compliance fact	none mapped	n/a (no Amazon field sourced from it)	none mapped	none mapped	n/a	std Motorcycle armor certification standard has value "EN 17092 compatible garment standard" (CB); not mapped	?	ceCertification (eBay 177101), regulatory_compliance_certification (Amazon), eBay custom Livello di protezione	dictionary: 2026-09-10 CustomAttribute read (etsy-attributes/master-data-audit.json, 242 rows); in 2026-09-11 Jackets family (198) as "Conditional safety and compliance"; mappings: 2026-09-07 completed-field-connections.json; value stored in native Product.garmentClass column; fill not measured here
notifiedBodyNumber	Notified body number	text	core	EU notified body number on the certificate; channel-neutral	none mapped	n/a (no Amazon field sourced from it)	none mapped	none mapped	n/a	? (no matching std attribute in MO/MG/MPG; not mapped)	?	notifiedBodyName, declarationOfConformityUrl, regulatory_compliance_certification	dictionary: 2026-09-10 CustomAttribute read (etsy-attributes/master-data-audit.json, 242 rows); in 2026-09-11 Jackets family (198) as "Conditional safety and compliance"; mappings: 2026-09-07 completed-field-connections.json; value stored in native Product.notifiedBodyNumber column; fill not measured here
notifiedBodyName	Notified body name	text	core	EU notified body name; channel-neutral	none mapped	n/a (no Amazon field sourced from it)	none mapped	none mapped	n/a	? (no matching std attribute in MO/MG/MPG; not mapped)	?	notifiedBodyNumber (same record)	dictionary: 2026-09-10 CustomAttribute read (etsy-attributes/master-data-audit.json, 242 rows); in 2026-09-11 Jackets family (198) as "Conditional safety and compliance"; mappings: 2026-09-07 completed-field-connections.json; value stored in native Product.notifiedBodyName column; fill not measured here
declarationOfConformityUrl	Declaration of conformity URL	text	core	EU declaration of conformity document; channel-neutral	none mapped	n/a (no Amazon field sourced from it)	none mapped	none mapped	n/a	? (no matching std attribute in MO/MG/MPG; not mapped)	?	regulatory_compliance_certification; Amazon compliance documents are uploaded separately (not a dictionary field)	dictionary: 2026-09-10 CustomAttribute read (etsy-attributes/master-data-audit.json, 242 rows); in 2026-09-11 Jackets family (198) as "Conditional safety and compliance"; mappings: 2026-09-07 completed-field-connections.json; value stored in native Product.declarationOfConformityUrl column; fill not measured here
hazmatClass	Hazardous material class	text	unused-or-duplicate	Dangerous-goods class; no DG products in this catalog; Amazon uses its own DG fields instead	none mapped	n/a (no Amazon field sourced from it)	none mapped	none mapped	n/a	? (no matching std attribute in MO/MG/MPG; not mapped)	?	hazmat, ghs, supplier_declared_dg_hz_regulation (Amazon)	dictionary: 2026-09-10 CustomAttribute read (etsy-attributes/master-data-audit.json, 242 rows); in 2026-09-11 Jackets family (198) as "Conditional safety and compliance"; mappings: 2026-09-07 completed-field-connections.json; value stored in native Product.hazmatClass column; fill not measured here
hazmatUnNumber	UN number	text	unused-or-duplicate	UN number for dangerous goods; no DG products in this catalog	none mapped	n/a (no Amazon field sourced from it)	none mapped	none mapped	n/a	? (no matching std attribute in MO/MG/MPG; not mapped)	?	hazmat, ghs (Amazon)	dictionary: 2026-09-10 CustomAttribute read (etsy-attributes/master-data-audit.json, 242 rows); in 2026-09-11 Jackets family (198) as "Conditional safety and compliance"; mappings: 2026-09-07 completed-field-connections.json; value stored in native Product.hazmatUnNumber column; fill not measured here
impactProtectors	Impact protectors	text	core	Protector records (location/level); channel-neutral	none mapped	n/a (no Amazon field sourced from it)	none mapped	none mapped	n/a	std Protector coverage area (CB), Glove armor placement (MG); not mapped	?	armorType, protection (eBay Protezione), eBay 177109 Armatura, eBay custom Livello di protezione	dictionary: 2026-09-10 CustomAttribute read (etsy-attributes/master-data-audit.json, 242 rows); in 2026-09-11 Jackets family (198) as "Conditional safety and compliance"; mappings: 2026-09-07 completed-field-connections.json; value stored in native Product.impactProtectors column; fill not measured here
glove_standard	Glove certification standard	text	core	EN 13594 glove certification; channel-neutral	none mapped	n/a (no Amazon field sourced from it)	none mapped	none mapped	n/a	std Motorcycle glove certification standard (MG); not mapped	?	glove_protection_level, knuckle_impact_protection, regulatory_compliance_certification	dictionary: 2026-09-10 CustomAttribute read (etsy-attributes/master-data-audit.json, 242 rows); not in 2026-09-11 Jackets family; mappings: 2026-09-07 completed-field-connections.json; populated rows 2026-09-10: 0
glove_protection_level	Glove protection level	select	core	EN 13594 level 1/2; channel-neutral	none mapped	n/a (no Amazon field sourced from it)	none mapped	none mapped	n/a	std Motorcycle glove certification standard values "Level 1/Level 2" (MG); not mapped	?	glove_standard (same Shopify attribute)	dictionary: 2026-09-10 CustomAttribute read (etsy-attributes/master-data-audit.json, 242 rows); not in 2026-09-11 Jackets family; mappings: 2026-09-07 completed-field-connections.json; populated rows 2026-09-10: 0
knuckle_impact_protection	Knuckle impact protection	boolean	core	KP knuckle protection flag; channel-neutral	none mapped	n/a (no Amazon field sourced from it)	none mapped	none mapped	n/a	std Glove armor placement value "Knuckle armor" (MG) and certification "...KP"; not mapped	?	glove_standard, impactProtectors	dictionary: 2026-09-10 CustomAttribute read (etsy-attributes/master-data-audit.json, 242 rows); not in 2026-09-11 Jackets family; mappings: 2026-09-07 completed-field-connections.json; populated rows 2026-09-10: 0
accepted_voltage_frequency	Accepted voltage frequency	text	channel-specific	Amazon AUTO_ACCESSORY electrical field (flagged missing-required there); meaningless for non-electrical gear	AUTO_ACCESSORY	validator missing-required 2026-09-07: AUTO_ACCESSORY	none mapped	none mapped	n/a	? (no matching std attribute in MO/MG/MPG; not mapped)	?	power_plug_type	dictionary: 2026-09-10 CustomAttribute read (etsy-attributes/master-data-audit.json, 242 rows); not in 2026-09-11 Jackets family; mappings: 2026-09-07 completed-field-connections.json; populated rows 2026-09-10: 0
additional_features	Additional features	text	unused-or-duplicate	eBay 177109 free-text "Caratteristiche aggiuntive"; same fact as special_feature	none mapped	n/a (no Amazon field sourced from it)	Additional features	Caratteristiche aggiuntive [177109]	177109=?	? (no matching std attribute in MO/MG/MPG; not mapped)	?	special_feature	dictionary: 2026-09-10 CustomAttribute read (etsy-attributes/master-data-audit.json, 242 rows); not in 2026-09-11 Jackets family; mappings: 2026-09-07 completed-field-connections.json; populated rows 2026-09-10: 0
apparel_closure_orientation	Apparel closure orientation	text	channel-specific	Amazon PANTS apparel detail only	PANTS	tpl COAT+PANTS 2026-07=Optional	none mapped	none mapped	n/a	? (no matching std attribute in MO/MG/MPG; not mapped)	?	closure	dictionary: 2026-09-10 CustomAttribute read (etsy-attributes/master-data-audit.json, 242 rows); in 2026-09-11 Jackets family (198) as "Optional apparel and merchandising details"; mappings: 2026-09-07 completed-field-connections.json; populated rows 2026-09-10: 0
apparel_fabric_stretch	Apparel fabric stretch	text	channel-specific	Amazon apparel detail (SUIT/PANTS/COAT)	COAT, PANTS, SUIT, APPAREL (Owner X-RACING template only)	tpl COAT+PANTS 2026-07=Optional; tpl APPAREL 2026-07=Recommended	none mapped	none mapped	n/a	? (no matching std attribute in MO/MG/MPG; not mapped)	?	dup: fabric_stretchability	dictionary: 2026-09-10 CustomAttribute read (etsy-attributes/master-data-audit.json, 242 rows); in 2026-09-11 Jackets family (198) as "Consolidate related concepts"; mappings: 2026-09-07 completed-field-connections.json; populated rows 2026-09-10: 0
apparel_fabric_weight_class	Apparel fabric weight class	text	channel-specific	Amazon apparel detail only	COAT, PANTS, SUIT, APPAREL (Owner X-RACING template only)	tpl COAT+PANTS 2026-07=Optional; tpl APPAREL 2026-07=Optional	none mapped	none mapped	n/a	? (no matching std attribute in MO/MG/MPG; not mapped)	?	none	dictionary: 2026-09-10 CustomAttribute read (etsy-attributes/master-data-audit.json, 242 rows); in 2026-09-11 Jackets family (198) as "Optional apparel and merchandising details"; mappings: 2026-09-07 completed-field-connections.json; populated rows 2026-09-10: 0
apparel_size__height_type	Apparel size height type	text	channel-specific	Part of Amazon structured apparel size	COAT, SUIT	tpl COAT+PANTS 2026-07=Conditionally required; tpl COAT 2025-05=Conditionally required	none mapped	none mapped	n/a	? (no matching std attribute in MO/MG/MPG; not mapped)	?	size; bottoms_size__height_type	dictionary: 2026-09-10 CustomAttribute read (etsy-attributes/master-data-audit.json, 242 rows); in 2026-09-11 Jackets family (198) as "Structured measurements and size systems"; mappings: 2026-09-07 completed-field-connections.json; populated rows 2026-09-10: 0
apparel_size__size_class	Apparel size size class	text	channel-specific	Amazon structured size class (Alpha/Numeric); flagged missing-required on SUIT/COAT	COAT, SUIT	tpl COAT+PANTS 2026-07=Conditionally required; tpl COAT 2025-05=Conditionally required; validator missing-required 2026-09-07: COAT/SUIT	none mapped	none mapped	n/a	std Motorcycle protective gear size system (MPG) is the nearest idea; not mapped	?	garment_size_country, bottoms_size__size_class; proposed size_system	dictionary: 2026-09-10 CustomAttribute read (etsy-attributes/master-data-audit.json, 242 rows); in 2026-09-11 Jackets family (198) as "Structured measurements and size systems"; mappings: 2026-09-07 completed-field-connections.json; populated rows 2026-09-10: 0
apparel_size__size_to	Apparel size size to	text	channel-specific	Amazon size range upper bound	COAT, SUIT	tpl COAT+PANTS 2026-07=Conditionally required; tpl COAT 2025-05=Conditionally required	none mapped	none mapped	n/a	? (no matching std attribute in MO/MG/MPG; not mapped)	?	size	dictionary: 2026-09-10 CustomAttribute read (etsy-attributes/master-data-audit.json, 242 rows); in 2026-09-11 Jackets family (198) as "Structured measurements and size systems"; mappings: 2026-09-07 completed-field-connections.json; populated rows 2026-09-10: 0
armorType	Armor Type	text	core	Armour/protection level (e.g. level 2); populated on 2 products; eBay 177109 Armatura	none mapped	n/a (no Amazon field sourced from it)	Armor	Armatura [177109]	177109=?	std Protective gear features / armor certification (MPG/CB) nearest; not mapped	?	impactProtectors, protection (eBay files put the level there), eBay custom Livello di protezione, garmentClass	dictionary: 2026-09-10 CustomAttribute read (etsy-attributes/master-data-audit.json, 242 rows); not in 2026-09-11 Jackets family; mappings: 2026-09-07 completed-field-connections.json; populated rows 2026-09-10: 2
athlete	Athlete	text	unused-or-duplicate	Licensed-merchandise field; not relevant. The eBay files carry a custom specific "athlete" holding a gender value	COAT, PANTS, SUIT	tpl COAT+PANTS 2026-07=Conditionally required; tpl COAT 2025-05=Conditionally required	none mapped	none mapped	n/a	? (no matching std attribute in MO/MG/MPG; not mapped)	?	none (misused: eBay custom specific "athlete")	dictionary: 2026-09-10 CustomAttribute read (etsy-attributes/master-data-audit.json, 242 rows); in 2026-09-11 Jackets family (198) as "Optional apparel and merchandising details"; mappings: 2026-09-07 completed-field-connections.json; populated rows 2026-09-10: 0
auto_part_position	Auto part position	text	channel-specific	Amazon AUTO_ACCESSORY only	AUTO_ACCESSORY	not required in any evidence (optional)	none mapped	none mapped	n/a	? (no matching std attribute in MO/MG/MPG; not mapped)	?	none	dictionary: 2026-09-10 CustomAttribute read (etsy-attributes/master-data-audit.json, 242 rows); not in 2026-09-11 Jackets family; mappings: 2026-09-07 completed-field-connections.json; populated rows 2026-09-10: 0
automotive_fit_type	Automotive fit type	text	channel-specific	Amazon AUTO_ACCESSORY (flagged missing-required)	AUTO_ACCESSORY	validator missing-required 2026-09-07: AUTO_ACCESSORY	none mapped	none mapped	n/a	? (no matching std attribute in MO/MG/MPG; not mapped)	?	compatibility_options, vehicle_fitment__*	dictionary: 2026-09-10 CustomAttribute read (etsy-attributes/master-data-audit.json, 242 rows); not in 2026-09-11 Jackets family; mappings: 2026-09-07 completed-field-connections.json; populated rows 2026-09-10: 0
band	Band	text	unused-or-duplicate	Music-merchandise field; not relevant	PANTS {absent from Owner 2026-07 COAT+PANTS template}	not required in any evidence (optional)	none mapped	none mapped	n/a	? (no matching std attribute in MO/MG/MPG; not mapped)	?	none	dictionary: 2026-09-10 CustomAttribute read (etsy-attributes/master-data-audit.json, 242 rows); in 2026-09-11 Jackets family (198) as "Optional apparel and merchandising details"; mappings: 2026-09-07 completed-field-connections.json; populated rows 2026-09-10: 0
batteries_included	Batteries included	boolean	channel-specific	Amazon battery declaration (conditionally required)	OUTERWEAR, COAT, SUIT, GLOVES, APPAREL (Owner X-RACING template only)	tpl COAT+PANTS 2026-07=Conditionally required; tpl APPAREL 2026-07=Conditionally required; tpl COAT 2025-05=Conditionally required; OUTERWEAR IT schema=requiredIfRelevant	none mapped	none mapped	n/a	? (no matching std attribute in MO/MG/MPG; not mapped)	?	batteries_required	dictionary: 2026-09-10 CustomAttribute read (etsy-attributes/master-data-audit.json, 242 rows); in 2026-09-11 Jackets family (198) as "Conditional battery or expiry extension"; mappings: 2026-09-07 completed-field-connections.json; populated rows 2026-09-10: 0
batteries_required	Batteries required	boolean	channel-specific	Amazon battery declaration; required and flagged missing on OUTERWEAR/SUIT/COAT/GLOVES; populated on 1 product	OUTERWEAR, COAT, SUIT, GLOVES, APPAREL (Owner X-RACING template only)	tpl COAT+PANTS 2026-07=Conditionally required; tpl APPAREL 2026-07=Conditionally required; tpl COAT 2025-05=Conditionally required; OUTERWEAR IT schema=requiredIfRelevant; validator missing-required 2026-09-07: OUTERWEAR/COAT/SUIT/GLOVES	none mapped	none mapped	n/a	? (no matching std attribute in MO/MG/MPG; not mapped)	?	batteries_included, contains_battery_or_cell	dictionary: 2026-09-10 CustomAttribute read (etsy-attributes/master-data-audit.json, 242 rows); in 2026-09-11 Jackets family (198) as "Conditional battery or expiry extension"; mappings: 2026-09-07 completed-field-connections.json; populated rows 2026-09-10: 1
battery__cell_composition	Battery cell composition	text	unused-or-duplicate	Amazon battery detail; no battery-powered products	OUTERWEAR, COAT, SUIT, GLOVES, APPAREL (Owner X-RACING template only)	tpl COAT+PANTS 2026-07=Conditionally required; tpl APPAREL 2026-07=Conditionally required; tpl COAT 2025-05=Conditionally required; OUTERWEAR IT schema=requiredIfRelevant	none mapped	none mapped	n/a	? (no matching std attribute in MO/MG/MPG; not mapped)	?	battery group	dictionary: 2026-09-10 CustomAttribute read (etsy-attributes/master-data-audit.json, 242 rows); in 2026-09-11 Jackets family (198) as "Conditional battery or expiry extension"; mappings: 2026-09-07 completed-field-connections.json; populated rows 2026-09-10: 0
battery__cell_composition_other_than_listed	Battery cell composition other than listed	text	unused-or-duplicate	Amazon battery detail; no battery-powered products	OUTERWEAR, COAT, SUIT, GLOVES, APPAREL (Owner X-RACING template only)	tpl COAT+PANTS 2026-07=Conditionally required; tpl APPAREL 2026-07=Conditionally required; tpl COAT 2025-05=Conditionally required; OUTERWEAR IT schema=requiredIfRelevant	none mapped	none mapped	n/a	? (no matching std attribute in MO/MG/MPG; not mapped)	?	battery group	dictionary: 2026-09-10 CustomAttribute read (etsy-attributes/master-data-audit.json, 242 rows); in 2026-09-11 Jackets family (198) as "Conditional battery or expiry extension"; mappings: 2026-09-07 completed-field-connections.json; populated rows 2026-09-10: 0
battery__iec_code	Battery iec code	text	unused-or-duplicate	Amazon battery detail; no battery-powered products	COAT	tpl COAT+PANTS 2026-07=Optional	none mapped	none mapped	n/a	? (no matching std attribute in MO/MG/MPG; not mapped)	?	battery group	dictionary: 2026-09-10 CustomAttribute read (etsy-attributes/master-data-audit.json, 242 rows); in 2026-09-11 Jackets family (198) as "Conditional battery or expiry extension"; mappings: 2026-09-07 completed-field-connections.json; populated rows 2026-09-10: 0
battery__weightUnit	Battery weight Unit	text	unused-or-duplicate	Amazon battery detail (unit half of a measure); no battery products	OUTERWEAR, COAT, SUIT, GLOVES, APPAREL (Owner X-RACING template only) [Amazon field: battery__weight]	tpl COAT+PANTS 2026-07=Conditionally required; tpl APPAREL 2026-07=Conditionally required; tpl COAT 2025-05=Conditionally required; OUTERWEAR IT schema=requiredIfRelevant	none mapped	none mapped	n/a	? (no matching std attribute in MO/MG/MPG; not mapped)	?	battery__weightValue	dictionary: 2026-09-10 CustomAttribute read (etsy-attributes/master-data-audit.json, 242 rows); in 2026-09-11 Jackets family (198) as "Conditional battery or expiry extension"; mappings: 2026-09-07 completed-field-connections.json; populated rows 2026-09-10: 0
battery__weightValue	Battery weight Value	number	unused-or-duplicate	Amazon battery detail; no battery products	OUTERWEAR, COAT, SUIT, GLOVES, APPAREL (Owner X-RACING template only) [Amazon field: battery__weight]	tpl COAT+PANTS 2026-07=Conditionally required; tpl APPAREL 2026-07=Conditionally required; tpl COAT 2025-05=Conditionally required; OUTERWEAR IT schema=requiredIfRelevant	none mapped	none mapped	n/a	? (no matching std attribute in MO/MG/MPG; not mapped)	?	battery__weightUnit	dictionary: 2026-09-10 CustomAttribute read (etsy-attributes/master-data-audit.json, 242 rows); in 2026-09-11 Jackets family (198) as "Conditional battery or expiry extension"; mappings: 2026-09-07 completed-field-connections.json; populated rows 2026-09-10: 0
battery_contains_free_unabsorbed_liquid	Battery contains free unabsorbed liquid	boolean	unused-or-duplicate	Amazon battery detail; no battery products	COAT	tpl COAT+PANTS 2026-07=Conditionally required	none mapped	none mapped	n/a	? (no matching std attribute in MO/MG/MPG; not mapped)	?	battery group	dictionary: 2026-09-10 CustomAttribute read (etsy-attributes/master-data-audit.json, 242 rows); in 2026-09-11 Jackets family (198) as "Conditional battery or expiry extension"; mappings: 2026-09-07 completed-field-connections.json; populated rows 2026-09-10: 0
battery_installation_device_type	Battery installation device type	text	unused-or-duplicate	Amazon battery detail; no battery products	COAT	tpl COAT+PANTS 2026-07=Conditionally required	none mapped	none mapped	n/a	? (no matching std attribute in MO/MG/MPG; not mapped)	?	battery group	dictionary: 2026-09-10 CustomAttribute read (etsy-attributes/master-data-audit.json, 242 rows); in 2026-09-11 Jackets family (198) as "Conditional battery or expiry extension"; mappings: 2026-09-07 completed-field-connections.json; populated rows 2026-09-10: 0
body_type	Body type	text	channel-specific	Maps to Amazon apparel_size/bottoms_size body_type ("Regular"); imported "Body Type" values are gender and must not feed it	COAT, PANTS, SUIT [Amazon field: apparel_size__body_type / bottoms_size__body_type]	tpl COAT+PANTS 2026-07=Conditionally required; tpl COAT 2025-05=Conditionally required	none mapped	none mapped	n/a	? (no matching std attribute in MO/MG/MPG; not mapped)	?	target_gender (imported meaning); eBay custom specific "body type" in the files	dictionary: 2026-09-10 CustomAttribute read (etsy-attributes/master-data-audit.json, 242 rows); in 2026-09-11 Jackets family (198) as "Clarify ambiguous meaning"; mappings: 2026-09-07 completed-field-connections.json; populated rows 2026-09-10: 0
bottoms_size__height_type	Bottoms size height type	text	channel-specific	Amazon PANTS structured size	PANTS	tpl COAT+PANTS 2026-07=Conditionally required	none mapped	none mapped	n/a	? (no matching std attribute in MO/MG/MPG; not mapped)	?	apparel_size__height_type	dictionary: 2026-09-10 CustomAttribute read (etsy-attributes/master-data-audit.json, 242 rows); in 2026-09-11 Jackets family (198) as "Other product families"; mappings: 2026-09-07 completed-field-connections.json; populated rows 2026-09-10: 0
bottoms_size__inseam_size	Bottoms size inseam size	text	channel-specific	Amazon PANTS size label (not a measurement)	PANTS	tpl COAT+PANTS 2026-07=Conditionally required	none mapped	none mapped	n/a	? (no matching std attribute in MO/MG/MPG; not mapped)	?	inseamValue (measurement)	dictionary: 2026-09-10 CustomAttribute read (etsy-attributes/master-data-audit.json, 242 rows); in 2026-09-11 Jackets family (198) as "Other product families"; mappings: 2026-09-07 completed-field-connections.json; populated rows 2026-09-10: 0
bottoms_size__size_class	Bottoms size size class	text	channel-specific	Amazon PANTS size class; flagged missing-required on PANTS	PANTS	tpl COAT+PANTS 2026-07=Conditionally required; validator missing-required 2026-09-07: PANTS	none mapped	none mapped	n/a	? (no matching std attribute in MO/MG/MPG; not mapped)	?	apparel_size__size_class	dictionary: 2026-09-10 CustomAttribute read (etsy-attributes/master-data-audit.json, 242 rows); in 2026-09-11 Jackets family (198) as "Other product families"; mappings: 2026-09-07 completed-field-connections.json; populated rows 2026-09-10: 0
bottoms_size__size_to	Bottoms size size to	text	channel-specific	Amazon PANTS size range	PANTS	tpl COAT+PANTS 2026-07=Conditionally required	none mapped	none mapped	n/a	? (no matching std attribute in MO/MG/MPG; not mapped)	?	apparel_size__size_to	dictionary: 2026-09-10 CustomAttribute read (etsy-attributes/master-data-audit.json, 242 rows); in 2026-09-11 Jackets family (198) as "Other product families"; mappings: 2026-09-07 completed-field-connections.json; populated rows 2026-09-10: 0
bottoms_size__waist_size	Bottoms size waist size	text	channel-specific	Amazon PANTS waist size label	PANTS	tpl COAT+PANTS 2026-07=Conditionally required	none mapped	none mapped	n/a	? (no matching std attribute in MO/MG/MPG; not mapped)	?	waist__sizeValue (measurement)	dictionary: 2026-09-10 CustomAttribute read (etsy-attributes/master-data-audit.json, 242 rows); in 2026-09-11 Jackets family (198) as "Other product families"; mappings: 2026-09-07 completed-field-connections.json; populated rows 2026-09-10: 0
ceCertification	Ce Certification	text	unused-or-duplicate	eBay 177101 "Certificazione CE"; same fact as garmentClass / glove_standard / ppeCategory	none mapped	n/a (no Amazon field sourced from it)	CE certification	Certificazione CE [177101]	177101=?	see garmentClass/glove_standard	?	garmentClass, glove_standard, ppeCategory, regulatory_compliance_certification	dictionary: 2026-09-10 CustomAttribute read (etsy-attributes/master-data-audit.json, 242 rows); not in 2026-09-11 Jackets family; mappings: 2026-09-07 completed-field-connections.json; populated rows 2026-09-10: 0
chestUnit	Chest Unit	text	core	Size-chart measurement unit (pair with chestValue)	COAT, SUIT [Amazon field: chest] {absent from Owner 2026-07 COAT+PANTS template}	not required in any evidence (optional)	none mapped	none mapped	n/a	? (no matching std attribute in MO/MG/MPG; not mapped)	?	chestValue (one measure)	dictionary: 2026-09-10 CustomAttribute read (etsy-attributes/master-data-audit.json, 242 rows); in 2026-09-11 Jackets family (198) as "Structured measurements and size systems"; mappings: 2026-09-07 completed-field-connections.json; populated rows 2026-09-10: 0
chestValue	Chest Value	number	core	Garment chest measurement; size-chart fact (Amazon SUIT/COAT)	COAT, SUIT [Amazon field: chest] {absent from Owner 2026-07 COAT+PANTS template}	not required in any evidence (optional)	none mapped	none mapped	n/a	? (no matching std attribute in MO/MG/MPG; not mapped)	?	chestUnit	dictionary: 2026-09-10 CustomAttribute read (etsy-attributes/master-data-audit.json, 242 rows); in 2026-09-11 Jackets family (198) as "Structured measurements and size systems"; mappings: 2026-09-07 completed-field-connections.json; populated rows 2026-09-10: 0
climate_suitability	Climate suitability	text	channel-specific	Amazon COAT descriptor	COAT	tpl COAT+PANTS 2026-07=Optional	none mapped	none mapped	n/a	? (no matching std attribute in MO/MG/MPG; not mapped)	?	seasons, temperature_rating, water_resistance_level	dictionary: 2026-09-10 CustomAttribute read (etsy-attributes/master-data-audit.json, 242 rows); in 2026-09-11 Jackets family (198) as "Optional apparel and merchandising details"; mappings: 2026-09-07 completed-field-connections.json; populated rows 2026-09-10: 0
closure	Closure	text	core	Closure type (zip/buttons); Amazon-required, eBay Chiusura	OUTERWEAR, COAT, PANTS, SUIT {absent from Owner 2026-07 COAT+PANTS template}	OUTERWEAR IT schema=requiredIfRelevant; validator missing-required 2026-09-07: OUTERWEAR/COAT/PANTS/SUIT	Closure / Fastening	Chiusura [177101,177104]	177101=?; 177104=optional	? (no matching std attribute in MO/MG/MPG; not mapped)	?	compliance_fastening_method, apparel_closure_orientation	dictionary: 2026-09-10 CustomAttribute read (etsy-attributes/master-data-audit.json, 242 rows); in 2026-09-11 Jackets family (198) as "Optional apparel and merchandising details"; mappings: 2026-09-07 completed-field-connections.json; populated rows 2026-09-10: 0
coat_silhouette_type	Coat silhouette type	text	channel-specific	Amazon COAT descriptor	COAT	tpl COAT+PANTS 2026-07=Recommended; tpl COAT 2025-05=Recommended	none mapped	none mapped	n/a	? (no matching std attribute in MO/MG/MPG; not mapped)	?	none	dictionary: 2026-09-10 CustomAttribute read (etsy-attributes/master-data-audit.json, 242 rows); in 2026-09-11 Jackets family (198) as "Optional apparel and merchandising details"; mappings: 2026-09-07 completed-field-connections.json; populated rows 2026-09-10: 0
coat_weather_protection	Coat weather protection	text	channel-specific	Amazon COAT descriptor	COAT	tpl COAT+PANTS 2026-07=Optional	none mapped	none mapped	n/a	std Outerwear clothing features (Waterproof/Windproof) nearest; not mapped	?	water_resistance_level; dup: has_coat_weather_resistance	dictionary: 2026-09-10 CustomAttribute read (etsy-attributes/master-data-audit.json, 242 rows); in 2026-09-11 Jackets family (198) as "Optional apparel and merchandising details"; mappings: 2026-09-07 completed-field-connections.json; populated rows 2026-09-10: 0
collar_style	Collar style	text	unused-or-duplicate	Amazon COAT collar style; same fact as neckline (eBay Scollatura, Shopify Neckline)	COAT	tpl COAT+PANTS 2026-07=Recommended; tpl COAT 2025-05=Recommended	none mapped	none mapped	n/a	std Neckline (MO)	?	neckline	dictionary: 2026-09-10 CustomAttribute read (etsy-attributes/master-data-audit.json, 242 rows); in 2026-09-11 Jackets family (198) as "Optional apparel and merchandising details"; mappings: 2026-09-07 completed-field-connections.json; populated rows 2026-09-10: 0
collection_item	Collection item	text	channel-specific	Amazon descriptor	COAT, PANTS, SUIT	tpl COAT+PANTS 2026-07=Conditionally required	none mapped	none mapped	n/a	? (no matching std attribute in MO/MG/MPG; not mapped)	?	none	dictionary: 2026-09-10 CustomAttribute read (etsy-attributes/master-data-audit.json, 242 rows); in 2026-09-11 Jackets family (198) as "Optional apparel and merchandising details"; mappings: 2026-09-07 completed-field-connections.json; populated rows 2026-09-10: 0
color__standardized_values	Color standardized values	text	unused-or-duplicate	Amazon standardized colour; derive from color with a value map	OUTERWEAR, COAT, PANTS, SUIT, APPAREL (Owner X-RACING template only)	tpl COAT+PANTS 2026-07=Conditionally required; tpl APPAREL 2026-07=Conditionally required; tpl COAT 2025-05=Conditionally required; OUTERWEAR IT schema=optional	none mapped	none mapped	n/a	std Color values are also standardized	?	color	dictionary: 2026-09-10 CustomAttribute read (etsy-attributes/master-data-audit.json, 242 rows); in 2026-09-11 Jackets family (198) as "Consolidate related concepts"; mappings: 2026-09-07 completed-field-connections.json; populated rows 2026-09-10: 0
compatibility_options	Compatibility options	text	channel-specific	Amazon AUTO_ACCESSORY only	AUTO_ACCESSORY	not required in any evidence (optional)	none mapped	none mapped	n/a	? (no matching std attribute in MO/MG/MPG; not mapped)	?	automotive_fit_type, vehicle_fitment__*	dictionary: 2026-09-10 CustomAttribute read (etsy-attributes/master-data-audit.json, 242 rows); not in 2026-09-11 Jackets family; mappings: 2026-09-07 completed-field-connections.json; populated rows 2026-09-10: 0
compliance_age_range	Compliance age range	text	unused-or-duplicate	Amazon compliance copy of age range	COAT, PANTS, SUIT	tpl COAT+PANTS 2026-07=Optional; tpl COAT 2025-05=Optional	none mapped	none mapped	n/a	? (no matching std attribute in MO/MG/MPG; not mapped)	?	age_range_description	dictionary: 2026-09-10 CustomAttribute read (etsy-attributes/master-data-audit.json, 242 rows); in 2026-09-11 Jackets family (198) as "Conditional safety and compliance"; mappings: 2026-09-07 completed-field-connections.json; populated rows 2026-09-10: 0
compliance_down_plumage_weight	Compliance down plumage weight	text	unused-or-duplicate	Down garments only; not relevant	COAT	tpl COAT+PANTS 2026-07=Optional; tpl COAT 2025-05=Optional	none mapped	none mapped	n/a	? (no matching std attribute in MO/MG/MPG; not mapped)	?	none	dictionary: 2026-09-10 CustomAttribute read (etsy-attributes/master-data-audit.json, 242 rows); in 2026-09-11 Jackets family (198) as "Conditional safety and compliance"; mappings: 2026-09-07 completed-field-connections.json; populated rows 2026-09-10: 0
compliance_embellishment_feature	Compliance embellishment feature	text	unused-or-duplicate	Amazon compliance copy of embellishment	PANTS	tpl COAT+PANTS 2026-07=Optional	none mapped	none mapped	n/a	? (no matching std attribute in MO/MG/MPG; not mapped)	?	embellishment_feature	dictionary: 2026-09-10 CustomAttribute read (etsy-attributes/master-data-audit.json, 242 rows); in 2026-09-11 Jackets family (198) as "Conditional safety and compliance"; mappings: 2026-09-07 completed-field-connections.json; populated rows 2026-09-10: 0
compliance_fastening_method	Compliance fastening method	text	unused-or-duplicate	Amazon compliance copy of closure	PANTS	tpl COAT+PANTS 2026-07=Optional	none mapped	none mapped	n/a	? (no matching std attribute in MO/MG/MPG; not mapped)	?	closure	dictionary: 2026-09-10 CustomAttribute read (etsy-attributes/master-data-audit.json, 242 rows); in 2026-09-11 Jackets family (198) as "Conditional safety and compliance"; mappings: 2026-09-07 completed-field-connections.json; populated rows 2026-09-10: 0
compliance_is_furskin_present	Compliance is furskin present	boolean	unused-or-duplicate	Amazon compliance copy of fur	COAT, SUIT	tpl COAT+PANTS 2026-07=Optional; tpl COAT 2025-05=Optional	none mapped	none mapped	n/a	? (no matching std attribute in MO/MG/MPG; not mapped)	?	fur	dictionary: 2026-09-10 CustomAttribute read (etsy-attributes/master-data-audit.json, 242 rows); in 2026-09-11 Jackets family (198) as "Conditional safety and compliance"; mappings: 2026-09-07 completed-field-connections.json; populated rows 2026-09-10: 0
compliance_is_handmade	Compliance is handmade	boolean	unused-or-duplicate	Amazon compliance copy; not handmade	COAT, PANTS, SUIT	tpl COAT+PANTS 2026-07=Optional; tpl COAT 2025-05=Optional	none mapped	none mapped	n/a	? (no matching std attribute in MO/MG/MPG; not mapped)	listing field who_made (listing setting, not mapped)	handmade_classification	dictionary: 2026-09-10 CustomAttribute read (etsy-attributes/master-data-audit.json, 242 rows); in 2026-09-11 Jackets family (198) as "Conditional safety and compliance"; mappings: 2026-09-07 completed-field-connections.json; populated rows 2026-09-10: 0
compliance_other_material_additions	Compliance other material additions	text	unused-or-duplicate	Amazon compliance field; not relevant	COAT	tpl COAT+PANTS 2026-07=Optional; tpl COAT 2025-05=Optional	none mapped	none mapped	n/a	? (no matching std attribute in MO/MG/MPG; not mapped)	?	material	dictionary: 2026-09-10 CustomAttribute read (etsy-attributes/master-data-audit.json, 242 rows); in 2026-09-11 Jackets family (198) as "Conditional safety and compliance"; mappings: 2026-09-07 completed-field-connections.json; populated rows 2026-09-10: 0
compliance_outer_surface_material	Compliance outer surface material	text	unused-or-duplicate	Amazon compliance copy of outer material	PANTS	tpl COAT+PANTS 2026-07=Optional	none mapped	none mapped	n/a	? (no matching std attribute in MO/MG/MPG; not mapped)	?	material, outer	dictionary: 2026-09-10 CustomAttribute read (etsy-attributes/master-data-audit.json, 242 rows); in 2026-09-11 Jackets family (198) as "Conditional safety and compliance"; mappings: 2026-09-07 completed-field-connections.json; populated rows 2026-09-10: 0
compliance_printing_method	Compliance printing method	text	unused-or-duplicate	Printed goods only; not relevant	COAT, PANTS, SUIT	tpl COAT+PANTS 2026-07=Optional; tpl COAT 2025-05=Optional	none mapped	none mapped	n/a	? (no matching std attribute in MO/MG/MPG; not mapped)	?	none	dictionary: 2026-09-10 CustomAttribute read (etsy-attributes/master-data-audit.json, 242 rows); in 2026-09-11 Jackets family (198) as "Conditional safety and compliance"; mappings: 2026-09-07 completed-field-connections.json; populated rows 2026-09-10: 0
compliance_suit_included_components	Compliance suit included components	text	unused-or-duplicate	Amazon SUIT compliance copy of included components	SUIT	not required in any evidence (optional)	none mapped	none mapped	n/a	? (no matching std attribute in MO/MG/MPG; not mapped)	?	included_components, number_of_pieces	dictionary: 2026-09-10 CustomAttribute read (etsy-attributes/master-data-audit.json, 242 rows); not in 2026-09-11 Jackets family; mappings: 2026-09-07 completed-field-connections.json; populated rows 2026-09-10: 0
compliance_suit_yarn_diameter	Compliance suit yarn diameter	text	unused-or-duplicate	Tailored-suit field; not relevant	SUIT	not required in any evidence (optional)	none mapped	none mapped	n/a	? (no matching std attribute in MO/MG/MPG; not mapped)	?	none	dictionary: 2026-09-10 CustomAttribute read (etsy-attributes/master-data-audit.json, 242 rows); not in 2026-09-11 Jackets family; mappings: 2026-09-07 completed-field-connections.json; populated rows 2026-09-10: 0
compliance_weave_type	Compliance weave type	text	unused-or-duplicate	Amazon compliance copy of weave_type (conditionally required in 2026 template)	COAT, PANTS, SUIT	tpl COAT+PANTS 2026-07=Conditionally required; tpl COAT 2025-05=Conditionally required	none mapped	none mapped	n/a	? (no matching std attribute in MO/MG/MPG; not mapped)	?	weave_type	dictionary: 2026-09-10 CustomAttribute read (etsy-attributes/master-data-audit.json, 242 rows); in 2026-09-11 Jackets family (198) as "Conditional safety and compliance"; mappings: 2026-09-07 completed-field-connections.json; populated rows 2026-09-10: 0
compliance_wool_type	Compliance wool type	text	unused-or-duplicate	Wool garments only; not relevant	SUIT	not required in any evidence (optional)	none mapped	none mapped	n/a	? (no matching std attribute in MO/MG/MPG; not mapped)	?	none	dictionary: 2026-09-10 CustomAttribute read (etsy-attributes/master-data-audit.json, 242 rows); not in 2026-09-11 Jackets family; mappings: 2026-09-07 completed-field-connections.json; populated rows 2026-09-10: 0
configuration	Configuration	text	unused-or-duplicate	Unclear meaning; from Amazon COAT/PANTS/AUTO schemas	COAT, PANTS, AUTO_ACCESSORY {absent from Owner 2026-07 COAT+PANTS template}	tpl COAT 2025-05=Conditionally required	none mapped	none mapped	n/a	? (no matching std attribute in MO/MG/MPG; not mapped)	?	none	dictionary: 2026-09-10 CustomAttribute read (etsy-attributes/master-data-audit.json, 242 rows); in 2026-09-11 Jackets family (198) as "Clarify ambiguous meaning"; mappings: 2026-09-07 completed-field-connections.json; populated rows 2026-09-10: 0
contains_battery_or_cell	Contains battery or cell	text	unused-or-duplicate	Amazon battery detail; no battery products	COAT	tpl COAT+PANTS 2026-07=Conditionally required	none mapped	none mapped	n/a	? (no matching std attribute in MO/MG/MPG; not mapped)	?	batteries_required	dictionary: 2026-09-10 CustomAttribute read (etsy-attributes/master-data-audit.json, 242 rows); in 2026-09-11 Jackets family (198) as "Conditional battery or expiry extension"; mappings: 2026-09-07 completed-field-connections.json; populated rows 2026-09-10: 0
cup	Cup	text	unused-or-duplicate	Bra cup size; not relevant (from 2025 COAT schema)	COAT, PANTS {absent from Owner 2026-07 COAT+PANTS template}	not required in any evidence (optional)	none mapped	none mapped	n/a	? (no matching std attribute in MO/MG/MPG; not mapped)	?	none	dictionary: 2026-09-10 CustomAttribute read (etsy-attributes/master-data-audit.json, 242 rows); in 2026-09-11 Jackets family (198) as "Other product families"; mappings: 2026-09-07 completed-field-connections.json; populated rows 2026-09-10: 0
customer_package_type	Customer package type	text	channel-specific	Amazon packaging descriptor	COAT, PANTS, AUTO_ACCESSORY {absent from Owner 2026-07 COAT+PANTS template}	tpl COAT 2025-05=Conditionally required	none mapped	none mapped	n/a	? (no matching std attribute in MO/MG/MPG; not mapped)	?	packageType (eBay, different meaning)	dictionary: 2026-09-10 CustomAttribute read (etsy-attributes/master-data-audit.json, 242 rows); in 2026-09-11 Jackets family (198) as "Consolidate related concepts"; mappings: 2026-09-07 completed-field-connections.json; populated rows 2026-09-10: 0
department	Department	text	channel-specific	Amazon department vocabulary; required and flagged missing on all apparel types; derivable from target_gender + age	OUTERWEAR, COAT, PANTS, SUIT, GLOVES, APPAREL (Owner X-RACING template only)	tpl COAT+PANTS 2026-07=Conditionally required; tpl APPAREL 2026-07=Conditionally required; tpl COAT 2025-05=Conditionally required; OUTERWEAR IT schema=requiredIfRelevant; validator missing-required 2026-09-07: OUTERWEAR/COAT/PANTS/SUIT/GLOVES	none mapped	none mapped	n/a	see target_gender	?	target_gender, age_range_description	dictionary: 2026-09-10 CustomAttribute read (etsy-attributes/master-data-audit.json, 242 rows); in 2026-09-11 Jackets family (198) as "Optional apparel and merchandising details"; mappings: 2026-09-07 completed-field-connections.json; populated rows 2026-09-10: 0
edition	Edition	text	unused-or-duplicate	Media/collectible field; not relevant	COAT, PANTS {absent from Owner 2026-07 COAT+PANTS template}	tpl COAT 2025-05=Conditionally required	none mapped	none mapped	n/a	? (no matching std attribute in MO/MG/MPG; not mapped)	?	none	dictionary: 2026-09-10 CustomAttribute read (etsy-attributes/master-data-audit.json, 242 rows); in 2026-09-11 Jackets family (198) as "Optional apparel and merchandising details"; mappings: 2026-09-07 completed-field-connections.json; populated rows 2026-09-10: 0
embellishment_feature	Embellishment feature	text	channel-specific	Amazon descriptor	COAT, PANTS	tpl COAT+PANTS 2026-07=Optional; tpl COAT 2025-05=Recommended	none mapped	none mapped	n/a	? (no matching std attribute in MO/MG/MPG; not mapped)	?	compliance_embellishment_feature	dictionary: 2026-09-10 CustomAttribute read (etsy-attributes/master-data-audit.json, 242 rows); in 2026-09-11 Jackets family (198) as "Optional apparel and merchandising details"; mappings: 2026-09-07 completed-field-connections.json; populated rows 2026-09-10: 0
eu_spare_part_availability_durationUnit	Eu spare part availability duration Unit	text	channel-specific	Amazon EU spare-part availability (GLOVES/AUTO_ACCESSORY), unit half	GLOVES, AUTO_ACCESSORY [Amazon field: eu_spare_part_availability_duration]	not required in any evidence (optional)	none mapped	none mapped	n/a	? (no matching std attribute in MO/MG/MPG; not mapped)	?	eu_spare_part_availability_durationValue	dictionary: 2026-09-10 CustomAttribute read (etsy-attributes/master-data-audit.json, 242 rows); not in 2026-09-11 Jackets family; mappings: 2026-09-07 completed-field-connections.json; populated rows 2026-09-10: 0
eu_spare_part_availability_durationValue	Eu spare part availability duration Value	number	channel-specific	Amazon EU spare-part availability (GLOVES/AUTO_ACCESSORY)	GLOVES, AUTO_ACCESSORY [Amazon field: eu_spare_part_availability_duration]	not required in any evidence (optional)	none mapped	none mapped	n/a	? (no matching std attribute in MO/MG/MPG; not mapped)	?	eu_spare_part_availability_durationUnit	dictionary: 2026-09-10 CustomAttribute read (etsy-attributes/master-data-audit.json, 242 rows); not in 2026-09-11 Jackets family; mappings: 2026-09-07 completed-field-connections.json; populated rows 2026-09-10: 0
eu_toys_safety_directive_age_warning	Eu toys safety directive age warning	text	channel-specific	Amazon EU toy-safety field; flagged missing-required on GLOVES	GLOVES	validator missing-required 2026-09-07: GLOVES	none mapped	none mapped	n/a	? (no matching std attribute in MO/MG/MPG; not mapped)	?	eu_toys_safety_directive_warning	dictionary: 2026-09-10 CustomAttribute read (etsy-attributes/master-data-audit.json, 242 rows); not in 2026-09-11 Jackets family; mappings: 2026-09-07 completed-field-connections.json; populated rows 2026-09-10: 0
eu_toys_safety_directive_warning	Eu toys safety directive warning	text	channel-specific	Amazon EU toy-safety field; flagged missing-required on GLOVES	GLOVES	validator missing-required 2026-09-07: GLOVES	none mapped	none mapped	n/a	? (no matching std attribute in MO/MG/MPG; not mapped)	?	eu_toys_safety_directive_age_warning	dictionary: 2026-09-10 CustomAttribute read (etsy-attributes/master-data-audit.json, 242 rows); not in 2026-09-11 Jackets family; mappings: 2026-09-07 completed-field-connections.json; populated rows 2026-09-10: 0
exact_color	Exact color	text	unused-or-duplicate	eBay free-text "Colore esatto"; same fact as specific_color (branded colour name)	none mapped	n/a (no Amazon field sourced from it)	Exact color	Colore esatto [177104,177109]	177104=optional; 177109=?	see color	?	color, specific_color	dictionary: 2026-09-10 CustomAttribute read (etsy-attributes/master-data-audit.json, 242 rows); in 2026-09-11 Jackets family (198) as "Consolidate related concepts"; mappings: 2026-09-07 completed-field-connections.json; populated rows 2026-09-10: 0
exact_material	Exact material	text	unused-or-duplicate	eBay 177109 free-text "Materiale esatto"; same fact as material/fabric_type	none mapped	n/a (no Amazon field sourced from it)	Exact material	Materiale esatto [177109]	177109=?	see material	?	material, fabric_type, specific_material	dictionary: 2026-09-10 CustomAttribute read (etsy-attributes/master-data-audit.json, 242 rows); not in 2026-09-11 Jackets family; mappings: 2026-09-07 completed-field-connections.json; populated rows 2026-09-10: 0
fabric_distressing	Fabric distressing	text	unused-or-duplicate	Denim/fashion field; not relevant	COAT, PANTS	tpl COAT+PANTS 2026-07=Optional; tpl COAT 2025-05=Recommended	none mapped	none mapped	n/a	? (no matching std attribute in MO/MG/MPG; not mapped)	?	none	dictionary: 2026-09-10 CustomAttribute read (etsy-attributes/master-data-audit.json, 242 rows); in 2026-09-11 Jackets family (198) as "Optional apparel and merchandising details"; mappings: 2026-09-07 completed-field-connections.json; populated rows 2026-09-10: 0
fabric_stretchability	Fabric stretchability	text	unused-or-duplicate	Duplicate of apparel_fabric_stretch	PANTS	tpl COAT+PANTS 2026-07=Optional	none mapped	none mapped	n/a	? (no matching std attribute in MO/MG/MPG; not mapped)	?	apparel_fabric_stretch	dictionary: 2026-09-10 CustomAttribute read (etsy-attributes/master-data-audit.json, 242 rows); in 2026-09-11 Jackets family (198) as "Consolidate related concepts"; mappings: 2026-09-07 completed-field-connections.json; populated rows 2026-09-10: 0
fabric_wash	Fabric wash	text	unused-or-duplicate	Denim field; not relevant	PANTS	tpl COAT+PANTS 2026-07=Conditionally required	none mapped	none mapped	n/a	? (no matching std attribute in MO/MG/MPG; not mapped)	?	none	dictionary: 2026-09-10 CustomAttribute read (etsy-attributes/master-data-audit.json, 242 rows); in 2026-09-11 Jackets family (198) as "Optional apparel and merchandising details"; mappings: 2026-09-07 completed-field-connections.json; populated rows 2026-09-10: 0
fashion_decade	Fashion decade	text	unused-or-duplicate	Vintage fashion field; not relevant	PANTS	tpl COAT+PANTS 2026-07=Optional	none mapped	none mapped	n/a	? (no matching std attribute in MO/MG/MPG; not mapped)	?	none	dictionary: 2026-09-10 CustomAttribute read (etsy-attributes/master-data-audit.json, 242 rows); in 2026-09-11 Jackets family (198) as "Optional apparel and merchandising details"; mappings: 2026-09-07 completed-field-connections.json; populated rows 2026-09-10: 0
fc_shelf_lifeUnit	Fc shelf life Unit	text	unused-or-duplicate	Shelf life for expiring goods; not relevant	OUTERWEAR [Amazon field: fc_shelf_life]	OUTERWEAR IT schema=requiredIfRelevant	none mapped	none mapped	n/a	? (no matching std attribute in MO/MG/MPG; not mapped)	?	fc_shelf_lifeValue	dictionary: 2026-09-10 CustomAttribute read (etsy-attributes/master-data-audit.json, 242 rows); in 2026-09-11 Jackets family (198) as "Conditional battery or expiry extension"; mappings: 2026-09-07 completed-field-connections.json; populated rows 2026-09-10: 0
fc_shelf_lifeValue	Fc shelf life Value	number	unused-or-duplicate	Shelf life for expiring goods; not relevant	OUTERWEAR [Amazon field: fc_shelf_life]	OUTERWEAR IT schema=requiredIfRelevant	none mapped	none mapped	n/a	? (no matching std attribute in MO/MG/MPG; not mapped)	?	fc_shelf_lifeUnit	dictionary: 2026-09-10 CustomAttribute read (etsy-attributes/master-data-audit.json, 242 rows); in 2026-09-11 Jackets family (198) as "Conditional battery or expiry extension"; mappings: 2026-09-07 completed-field-connections.json; populated rows 2026-09-10: 0
fit_to_size_sentiment	Fit to size sentiment	text	channel-specific	Amazon "runs small/large" descriptor	COAT, PANTS, SUIT, APPAREL (Owner X-RACING template only)	tpl COAT+PANTS 2026-07=Optional; tpl APPAREL 2026-07=Recommended	none mapped	none mapped	n/a	? (no matching std attribute in MO/MG/MPG; not mapped)	?	fit_type	dictionary: 2026-09-10 CustomAttribute read (etsy-attributes/master-data-audit.json, 242 rows); in 2026-09-11 Jackets family (198) as "Optional apparel and merchandising details"; mappings: 2026-09-07 completed-field-connections.json; populated rows 2026-09-10: 0
flavor	Flavor	text	unused-or-duplicate	Food field; not relevant (from Amazon schemas)	COAT, PANTS, SUIT, AUTO_ACCESSORY {absent from Owner 2026-07 COAT+PANTS template}	tpl COAT 2025-05=Conditionally required	none mapped	none mapped	n/a	? (no matching std attribute in MO/MG/MPG; not mapped)	?	none	dictionary: 2026-09-10 CustomAttribute read (etsy-attributes/master-data-audit.json, 242 rows); in 2026-09-11 Jackets family (198) as "Other product families"; mappings: 2026-09-07 completed-field-connections.json; populated rows 2026-09-10: 0
formality_level	Formality level	text	unused-or-duplicate	Fashion field; not relevant to riding gear	PANTS, SUIT	tpl COAT+PANTS 2026-07=Optional	none mapped	none mapped	n/a	? (no matching std attribute in MO/MG/MPG; not mapped)	?	none	dictionary: 2026-09-10 CustomAttribute read (etsy-attributes/master-data-audit.json, 242 rows); in 2026-09-11 Jackets family (198) as "Optional apparel and merchandising details"; mappings: 2026-09-07 completed-field-connections.json; populated rows 2026-09-10: 0
front_pocket_count	Front pocket count	number	unused-or-duplicate	Duplicate of number_of_pockets	PANTS	tpl COAT+PANTS 2026-07=Optional	none mapped	none mapped	n/a	? (no matching std attribute in MO/MG/MPG; not mapped)	?	number_of_pockets, has_pockets	dictionary: 2026-09-10 CustomAttribute read (etsy-attributes/master-data-audit.json, 242 rows); in 2026-09-11 Jackets family (198) as "Consolidate related concepts"; mappings: 2026-09-07 completed-field-connections.json; populated rows 2026-09-10: 0
front_style	Front style	text	unused-or-duplicate	Trousers pleat style; not relevant to riding gear	PANTS	tpl COAT+PANTS 2026-07=Optional	none mapped	none mapped	n/a	? (no matching std attribute in MO/MG/MPG; not mapped)	?	none	dictionary: 2026-09-10 CustomAttribute read (etsy-attributes/master-data-audit.json, 242 rows); in 2026-09-11 Jackets family (198) as "Optional apparel and merchandising details"; mappings: 2026-09-07 completed-field-connections.json; populated rows 2026-09-10: 0
fur	Fur	text	channel-specific	Amazon COAT fur description	COAT {absent from Owner 2026-07 COAT+PANTS template}	not required in any evidence (optional)	none mapped	none mapped	n/a	? (no matching std attribute in MO/MG/MPG; not mapped)	?	compliance_is_furskin_present	dictionary: 2026-09-10 CustomAttribute read (etsy-attributes/master-data-audit.json, 242 rows); in 2026-09-11 Jackets family (198) as "Optional apparel and merchandising details"; mappings: 2026-09-07 completed-field-connections.json; populated rows 2026-09-10: 0
garment_size_country	Garment size country	text	core	Size system / country of the size scale; any channel	COAT, PANTS, SUIT, APPAREL (Owner X-RACING template only)	tpl COAT+PANTS 2026-07=Optional; tpl APPAREL 2026-07=Optional	none mapped	none mapped	n/a	std Motorcycle protective gear size system (MPG); store metafield "Google: Size System" exists, not mapped	?	apparel_size__size_class, bottoms_size__size_class; proposed size_system (local only)	dictionary: 2026-09-10 CustomAttribute read (etsy-attributes/master-data-audit.json, 242 rows); in 2026-09-11 Jackets family (198) as "Structured measurements and size systems"; mappings: 2026-09-07 completed-field-connections.json; populated rows 2026-09-10: 0
ghs	Ghs	text	unused-or-duplicate	Chemical hazard classification; only when DG is declared; no DG products	OUTERWEAR, COAT, SUIT, GLOVES, AUTO_ACCESSORY {absent from Owner 2026-07 COAT+PANTS template}	OUTERWEAR IT schema=requiredIfRelevant	none mapped	none mapped	n/a	? (no matching std attribute in MO/MG/MPG; not mapped)	?	hazmatClass, hazmat, ghs_chemical_h_code	dictionary: 2026-09-10 CustomAttribute read (etsy-attributes/master-data-audit.json, 242 rows); in 2026-09-11 Jackets family (198) as "Conditional safety and compliance"; mappings: 2026-09-07 completed-field-connections.json; populated rows 2026-09-10: 0
ghs_chemical_h_code	Ghs chemical h code	text	unused-or-duplicate	Chemical hazard code; no DG products	OUTERWEAR, COAT, PANTS, SUIT, GLOVES, AUTO_ACCESSORY, APPAREL (Owner X-RACING template only)	tpl COAT+PANTS 2026-07=Optional; tpl APPAREL 2026-07=Optional; tpl COAT 2025-05=Optional; OUTERWEAR IT schema=optional	none mapped	none mapped	n/a	? (no matching std attribute in MO/MG/MPG; not mapped)	?	ghs	dictionary: 2026-09-10 CustomAttribute read (etsy-attributes/master-data-audit.json, 242 rows); in 2026-09-11 Jackets family (198) as "Conditional safety and compliance"; mappings: 2026-09-07 completed-field-connections.json; populated rows 2026-09-10: 0
glove_type	Glove type	text	channel-specific	Amazon GLOVES type; flagged missing-required on GLOVES	GLOVES	validator missing-required 2026-09-07: GLOVES	none mapped	none mapped	n/a	std Motorcycle glove purpose (MG) nearest; not mapped	?	item_type_name	dictionary: 2026-09-10 CustomAttribute read (etsy-attributes/master-data-audit.json, 242 rows); not in 2026-09-11 Jackets family; mappings: 2026-09-07 completed-field-connections.json; populated rows 2026-09-10: 0
gpsr_safety_attestation	Gpsr safety attestation	boolean	channel-specific	Amazon GPSR attestation checkbox (a declaration, not a product fact)	OUTERWEAR, COAT, PANTS, SUIT, GLOVES, AUTO_ACCESSORY, APPAREL (Owner X-RACING template only)	tpl COAT+PANTS 2026-07=Optional; tpl APPAREL 2026-07=Optional; tpl COAT 2025-05=Optional; OUTERWEAR IT schema=optional	none mapped	none mapped	n/a	? (no matching std attribute in MO/MG/MPG; not mapped)	?	declarationOfConformityUrl	dictionary: 2026-09-10 CustomAttribute read (etsy-attributes/master-data-audit.json, 242 rows); in 2026-09-11 Jackets family (198) as "Conditional safety and compliance"; mappings: 2026-09-07 completed-field-connections.json; populated rows 2026-09-10: 0
grip	Grip	text	unused-or-duplicate	Sports-equipment field; not relevant	PANTS {absent from Owner 2026-07 COAT+PANTS template}	not required in any evidence (optional)	none mapped	none mapped	n/a	? (no matching std attribute in MO/MG/MPG; not mapped)	?	none	dictionary: 2026-09-10 CustomAttribute read (etsy-attributes/master-data-audit.json, 242 rows); in 2026-09-11 Jackets family (198) as "Other product families"; mappings: 2026-09-07 completed-field-connections.json; populated rows 2026-09-10: 0
grit	Grit	text	unused-or-duplicate	Abrasives field; not relevant	AUTO_ACCESSORY	not required in any evidence (optional)	none mapped	none mapped	n/a	? (no matching std attribute in MO/MG/MPG; not mapped)	?	none	dictionary: 2026-09-10 CustomAttribute read (etsy-attributes/master-data-audit.json, 242 rows); not in 2026-09-11 Jackets family; mappings: 2026-09-07 completed-field-connections.json; populated rows 2026-09-10: 0
hand_orientation	Hand orientation	text	channel-specific	Amazon GLOVES field (flagged missing-required on GLOVES); meaningless for other types	COAT, PANTS, GLOVES {absent from Owner 2026-07 COAT+PANTS template}	tpl COAT 2025-05=Conditionally required; validator missing-required 2026-09-07: GLOVES	none mapped	none mapped	n/a	? (no matching std attribute in MO/MG/MPG; not mapped)	?	none	dictionary: 2026-09-10 CustomAttribute read (etsy-attributes/master-data-audit.json, 242 rows); in 2026-09-11 Jackets family (198) as "Other product families"; mappings: 2026-09-07 completed-field-connections.json; populated rows 2026-09-10: 0
handmade_classification	Handmade classification	text	unused-or-duplicate	Not handmade; Amazon field	OUTERWEAR, COAT, PANTS, SUIT, GLOVES, AUTO_ACCESSORY {absent from Owner 2026-07 COAT+PANTS template}	OUTERWEAR IT schema=optional	none mapped	none mapped	n/a	? (no matching std attribute in MO/MG/MPG; not mapped)	listing field who_made (listing setting, not mapped)	compliance_is_handmade	dictionary: 2026-09-10 CustomAttribute read (etsy-attributes/master-data-audit.json, 242 rows); in 2026-09-11 Jackets family (198) as "Optional apparel and merchandising details"; mappings: 2026-09-07 completed-field-connections.json; populated rows 2026-09-10: 0
has_coat_weather_resistance	Has coat weather resistance	boolean	unused-or-duplicate	Boolean duplicate of coat_weather_protection / water_resistance_level	COAT	tpl COAT+PANTS 2026-07=Optional	none mapped	none mapped	n/a	? (no matching std attribute in MO/MG/MPG; not mapped)	?	coat_weather_protection, water_resistance_level	dictionary: 2026-09-10 CustomAttribute read (etsy-attributes/master-data-audit.json, 242 rows); in 2026-09-11 Jackets family (198) as "Consolidate related concepts"; mappings: 2026-09-07 completed-field-connections.json; populated rows 2026-09-10: 0
has_less_than_30_percent_state_of_charge	Has less than 30 percent state of charge	boolean	unused-or-duplicate	Amazon battery detail; no battery products	COAT, GLOVES	tpl COAT+PANTS 2026-07=Conditionally required	none mapped	none mapped	n/a	? (no matching std attribute in MO/MG/MPG; not mapped)	?	battery group	dictionary: 2026-09-10 CustomAttribute read (etsy-attributes/master-data-audit.json, 242 rows); in 2026-09-11 Jackets family (198) as "Conditional battery or expiry extension"; mappings: 2026-09-07 completed-field-connections.json; populated rows 2026-09-10: 0
item_type_name	Item type name	text	core	Product type name; Amazon item_type_name (required) and eBay 177109 Tipo di prodotto both map to it	OUTERWEAR, COAT, PANTS, SUIT, APPAREL (Owner X-RACING template only)	tpl COAT+PANTS 2026-07=Conditionally required; tpl APPAREL 2026-07=Conditionally required; tpl COAT 2025-05=Conditionally required; OUTERWEAR IT schema=requiredIfRelevant; validator missing-required 2026-09-07: OUTERWEAR/COAT/PANTS/SUIT	Product type	Tipo di prodotto [177109]	177109=?	native productType is the same idea but fed by shopify_product_type	?	shopify_product_type, glove_type, suit_type, type (eBay 177101); eBay custom Tipo di giacca and "team name" (holds an item type in the files)	dictionary: 2026-09-10 CustomAttribute read (etsy-attributes/master-data-audit.json, 242 rows); in 2026-09-11 Jackets family (198) as "Optional apparel and merchandising details"; mappings: 2026-09-07 completed-field-connections.json; populated rows 2026-09-10: 0
has_multiple_battery_powered_components	Has multiple battery powered components	boolean	unused-or-duplicate	Amazon battery detail; no battery products	COAT	tpl COAT+PANTS 2026-07=Conditionally required	none mapped	none mapped	n/a	? (no matching std attribute in MO/MG/MPG; not mapped)	?	battery group	dictionary: 2026-09-10 CustomAttribute read (etsy-attributes/master-data-audit.json, 242 rows); in 2026-09-11 Jackets family (198) as "Conditional battery or expiry extension"; mappings: 2026-09-07 completed-field-connections.json; populated rows 2026-09-10: 0
has_pockets	Has pockets	boolean	unused-or-duplicate	Boolean duplicate of number_of_pockets	PANTS	tpl COAT+PANTS 2026-07=Optional	none mapped	none mapped	n/a	std Outerwear clothing features value "Pockets" (MO)	?	number_of_pockets, front_pocket_count	dictionary: 2026-09-10 CustomAttribute read (etsy-attributes/master-data-audit.json, 242 rows); in 2026-09-11 Jackets family (198) as "Optional apparel and merchandising details"; mappings: 2026-09-07 completed-field-connections.json; populated rows 2026-09-10: 0
has_replaceable_battery	Has replaceable battery	boolean	unused-or-duplicate	Amazon battery detail; no battery products	COAT	tpl COAT+PANTS 2026-07=Optional	none mapped	none mapped	n/a	? (no matching std attribute in MO/MG/MPG; not mapped)	?	battery group	dictionary: 2026-09-10 CustomAttribute read (etsy-attributes/master-data-audit.json, 242 rows); in 2026-09-11 Jackets family (198) as "Conditional battery or expiry extension"; mappings: 2026-09-07 completed-field-connections.json; populated rows 2026-09-10: 0
hazmat	Hazmat	text	unused-or-duplicate	Amazon DG detail; only when DG is declared; no DG products	OUTERWEAR, COAT, SUIT, GLOVES, AUTO_ACCESSORY, APPAREL (Owner X-RACING template only)	tpl COAT+PANTS 2026-07=Conditionally required; tpl APPAREL 2026-07=Conditionally required; tpl COAT 2025-05=Conditionally required; OUTERWEAR IT schema=requiredIfRelevant	none mapped	none mapped	n/a	? (no matching std attribute in MO/MG/MPG; not mapped)	?	hazmatClass, ghs, supplier_declared_dg_hz_regulation	dictionary: 2026-09-10 CustomAttribute read (etsy-attributes/master-data-audit.json, 242 rows); in 2026-09-11 Jackets family (198) as "Conditional safety and compliance"; mappings: 2026-09-07 completed-field-connections.json; populated rows 2026-09-10: 0
included_components	Included components	text	core	What is in the box; flagged missing-required on GLOVES/AUTO_ACCESSORY	GLOVES, AUTO_ACCESSORY	validator missing-required 2026-09-07: GLOVES/AUTO_ACCESSORY	none mapped	none mapped	n/a	std Outerwear pieces included (Liners & Insulators) / Rain suit configuration (RS) nearest; not mapped	?	number_of_pieces, compliance_suit_included_components, number_of_items	dictionary: 2026-09-10 CustomAttribute read (etsy-attributes/master-data-audit.json, 242 rows); not in 2026-09-11 Jackets family; mappings: 2026-09-07 completed-field-connections.json; populated rows 2026-09-10: 0
inner	Inner	text	core	Lining/inner material (Amazon inner.material, required on OUTERWEAR/SUIT); textile-label fact. Label "Inner" is unclear	OUTERWEAR, SUIT	OUTERWEAR IT schema=requiredIfRelevant; validator missing-required 2026-09-07: OUTERWEAR/SUIT	none mapped	none mapped	n/a	? (no matching std attribute in MO/MG/MPG; not mapped)	?	lining_description, material	dictionary: 2026-09-10 CustomAttribute read (etsy-attributes/master-data-audit.json, 242 rows); in 2026-09-11 Jackets family (198) as "Clarify ambiguous meaning"; mappings: 2026-09-07 completed-field-connections.json; populated rows 2026-09-10: 0
inseamUnit	Inseam Unit	text	core	Size-chart measurement unit	PANTS [Amazon field: inseam] {absent from Owner 2026-07 COAT+PANTS template}	not required in any evidence (optional)	none mapped	none mapped	n/a	? (no matching std attribute in MO/MG/MPG; not mapped)	?	inseamValue	dictionary: 2026-09-10 CustomAttribute read (etsy-attributes/master-data-audit.json, 242 rows); in 2026-09-11 Jackets family (198) as "Other product families"; mappings: 2026-09-07 completed-field-connections.json; populated rows 2026-09-10: 0
inseamValue	Inseam Value	number	core	Trouser inseam measurement; size-chart fact (Amazon PANTS)	PANTS [Amazon field: inseam] {absent from Owner 2026-07 COAT+PANTS template}	not required in any evidence (optional)	none mapped	none mapped	n/a	? (no matching std attribute in MO/MG/MPG; not mapped)	?	bottoms_size__inseam_size (size label)	dictionary: 2026-09-10 CustomAttribute read (etsy-attributes/master-data-audit.json, 242 rows); in 2026-09-11 Jackets family (198) as "Other product families"; mappings: 2026-09-07 completed-field-connections.json; populated rows 2026-09-10: 0
is_assembly_required	Is assembly required	boolean	channel-specific	Amazon AUTO_ACCESSORY (flagged missing-required)	AUTO_ACCESSORY	validator missing-required 2026-09-07: AUTO_ACCESSORY	none mapped	none mapped	n/a	? (no matching std attribute in MO/MG/MPG; not mapped)	?	none	dictionary: 2026-09-10 CustomAttribute read (etsy-attributes/master-data-audit.json, 242 rows); not in 2026-09-11 Jackets family; mappings: 2026-09-07 completed-field-connections.json; populated rows 2026-09-10: 0
is_battery_non_spillable	Is battery non spillable	boolean	unused-or-duplicate	Amazon battery detail; no battery products	COAT	tpl COAT+PANTS 2026-07=Conditionally required	none mapped	none mapped	n/a	? (no matching std attribute in MO/MG/MPG; not mapped)	?	battery group	dictionary: 2026-09-10 CustomAttribute read (etsy-attributes/master-data-audit.json, 242 rows); in 2026-09-11 Jackets family (198) as "Conditional battery or expiry extension"; mappings: 2026-09-07 completed-field-connections.json; populated rows 2026-09-10: 0
is_expiration_dated_product	Is expiration dated product	boolean	channel-specific	Amazon declaration (flagged missing-required on AUTO_ACCESSORY)	OUTERWEAR, AUTO_ACCESSORY	OUTERWEAR IT schema=optional; validator missing-required 2026-09-07: AUTO_ACCESSORY	none mapped	none mapped	n/a	? (no matching std attribute in MO/MG/MPG; not mapped)	?	fc_shelf_life*, product_expiration_type	dictionary: 2026-09-10 CustomAttribute read (etsy-attributes/master-data-audit.json, 242 rows); in 2026-09-11 Jackets family (198) as "Conditional battery or expiry extension"; mappings: 2026-09-07 completed-field-connections.json; populated rows 2026-09-10: 0
is_fragile	Is fragile	boolean	channel-specific	Amazon AUTO_ACCESSORY (flagged missing-required)	AUTO_ACCESSORY	validator missing-required 2026-09-07: AUTO_ACCESSORY	none mapped	none mapped	n/a	? (no matching std attribute in MO/MG/MPG; not mapped)	?	none	dictionary: 2026-09-10 CustomAttribute read (etsy-attributes/master-data-audit.json, 242 rows); not in 2026-09-11 Jackets family; mappings: 2026-09-07 completed-field-connections.json; populated rows 2026-09-10: 0
is_green_purchasing_law_compliant	Is green purchasing law compliant	boolean	unused-or-duplicate	Japanese green-purchasing law flag; not relevant to EU selling	OUTERWEAR, COAT, PANTS, SUIT, GLOVES, AUTO_ACCESSORY, APPAREL (Owner X-RACING template only)	tpl COAT+PANTS 2026-07=Optional; tpl APPAREL 2026-07=Recommended	none mapped	none mapped	n/a	? (no matching std attribute in MO/MG/MPG; not mapped)	?	none	dictionary: 2026-09-10 CustomAttribute read (etsy-attributes/master-data-audit.json, 242 rows); in 2026-09-11 Jackets family (198) as "Conditional safety and compliance"; mappings: 2026-09-07 completed-field-connections.json; populated rows 2026-09-10: 0
is_oem_sourced_product	Is oem sourced product	boolean	unused-or-duplicate	OEM flag; own-brand goods	COAT	tpl COAT+PANTS 2026-07=Optional	none mapped	none mapped	n/a	? (no matching std attribute in MO/MG/MPG; not mapped)	?	none	dictionary: 2026-09-10 CustomAttribute read (etsy-attributes/master-data-audit.json, 242 rows); in 2026-09-11 Jackets family (198) as "Conditional safety and compliance"; mappings: 2026-09-07 completed-field-connections.json; populated rows 2026-09-10: 0
is_this_product_subject_to_buyer_age_restrictions	Is this product subject to buyer age restrictions	boolean	channel-specific	Amazon listing flag	OUTERWEAR, COAT, PANTS, SUIT, GLOVES, AUTO_ACCESSORY, APPAREL (Owner X-RACING template only)	tpl COAT+PANTS 2026-07=Optional; tpl APPAREL 2026-07=Optional; OUTERWEAR IT schema=optional	none mapped	none mapped	n/a	? (no matching std attribute in MO/MG/MPG; not mapped)	?	none	dictionary: 2026-09-10 CustomAttribute read (etsy-attributes/master-data-audit.json, 242 rows); in 2026-09-11 Jackets family (198) as "Conditional safety and compliance"; mappings: 2026-09-07 completed-field-connections.json; populated rows 2026-09-10: 0
item_display_dimensions__depthUnit	Item display dimensions depth Unit	text	unused-or-duplicate	Display dimensions (art/jewellery); from 2025 COAT schema; not relevant	COAT, PANTS [Amazon field: item_display_dimensions__depth] {absent from Owner 2026-07 COAT+PANTS template}	tpl COAT 2025-05=Conditionally required	none mapped	none mapped	n/a	? (no matching std attribute in MO/MG/MPG; not mapped)	?	item_display_dimensions__depthValue	dictionary: 2026-09-10 CustomAttribute read (etsy-attributes/master-data-audit.json, 242 rows); in 2026-09-11 Jackets family (198) as "Structured measurements and size systems"; mappings: 2026-09-07 completed-field-connections.json; populated rows 2026-09-10: 0
item_display_dimensions__depthValue	Item display dimensions depth Value	number	unused-or-duplicate	Display dimensions; not relevant	COAT, PANTS [Amazon field: item_display_dimensions__depth] {absent from Owner 2026-07 COAT+PANTS template}	tpl COAT 2025-05=Conditionally required	none mapped	none mapped	n/a	? (no matching std attribute in MO/MG/MPG; not mapped)	?	native dimLength/dimWidth/dimHeight	dictionary: 2026-09-10 CustomAttribute read (etsy-attributes/master-data-audit.json, 242 rows); in 2026-09-11 Jackets family (198) as "Structured measurements and size systems"; mappings: 2026-09-07 completed-field-connections.json; populated rows 2026-09-10: 0
item_display_dimensions__diameterUnit	Item display dimensions diameter Unit	text	unused-or-duplicate	Display dimensions; not relevant	COAT, PANTS [Amazon field: item_display_dimensions__diameter] {absent from Owner 2026-07 COAT+PANTS template}	tpl COAT 2025-05=Conditionally required	none mapped	none mapped	n/a	? (no matching std attribute in MO/MG/MPG; not mapped)	?	item_display_dimensions__diameterValue	dictionary: 2026-09-10 CustomAttribute read (etsy-attributes/master-data-audit.json, 242 rows); in 2026-09-11 Jackets family (198) as "Structured measurements and size systems"; mappings: 2026-09-07 completed-field-connections.json; populated rows 2026-09-10: 0
item_display_dimensions__diameterValue	Item display dimensions diameter Value	number	unused-or-duplicate	Display dimensions; not relevant	COAT, PANTS [Amazon field: item_display_dimensions__diameter] {absent from Owner 2026-07 COAT+PANTS template}	tpl COAT 2025-05=Conditionally required	none mapped	none mapped	n/a	? (no matching std attribute in MO/MG/MPG; not mapped)	?	none	dictionary: 2026-09-10 CustomAttribute read (etsy-attributes/master-data-audit.json, 242 rows); in 2026-09-11 Jackets family (198) as "Structured measurements and size systems"; mappings: 2026-09-07 completed-field-connections.json; populated rows 2026-09-10: 0
item_length_description	Item length description	text	core	Garment length (hip/waist/long); Amazon field and the same fact as eBay Lunghezza	COAT, PANTS	tpl COAT+PANTS 2026-07=Recommended; tpl COAT 2025-05=Conditionally required	none mapped	none mapped	n/a	std Top length type (Vests/Coats) nearest; not in MO; not mapped	?	length (eBay Lunghezza), width (eBay Larghezza), shoulder_to_bottom_hem_lengthValue	dictionary: 2026-09-10 CustomAttribute read (etsy-attributes/master-data-audit.json, 242 rows); in 2026-09-11 Jackets family (198) as "Optional apparel and merchandising details"; mappings: 2026-09-07 completed-field-connections.json; populated rows 2026-09-10: 0
item_package_quantity	Item package quantity	number	unused-or-duplicate	Pack quantity; duplicate of number_of_items for single items	OUTERWEAR, COAT, PANTS, SUIT, GLOVES, AUTO_ACCESSORY	tpl COAT+PANTS 2026-07=Optional; tpl COAT 2025-05=Conditionally required; OUTERWEAR IT schema=requiredIfRelevant	none mapped	none mapped	n/a	? (no matching std attribute in MO/MG/MPG; not mapped)	?	number_of_items, unit_count, item_specific_quantity, package_contains_sku	dictionary: 2026-09-10 CustomAttribute read (etsy-attributes/master-data-audit.json, 242 rows); in 2026-09-11 Jackets family (198) as "Consolidate related concepts"; mappings: 2026-09-07 completed-field-connections.json; populated rows 2026-09-10: 0
item_shape	Item shape	text	unused-or-duplicate	Shape field; not relevant	COAT, PANTS, AUTO_ACCESSORY {absent from Owner 2026-07 COAT+PANTS template}	tpl COAT 2025-05=Conditionally required	none mapped	none mapped	n/a	? (no matching std attribute in MO/MG/MPG; not mapped)	?	none	dictionary: 2026-09-10 CustomAttribute read (etsy-attributes/master-data-audit.json, 242 rows); in 2026-09-11 Jackets family (198) as "Optional apparel and merchandising details"; mappings: 2026-09-07 completed-field-connections.json; populated rows 2026-09-10: 0
item_specific_quantity	Item specific quantity	text	channel-specific	eBay unit-price aspect "Quantita"	none mapped	n/a (no Amazon field sourced from it)	Quantity	Quantità [177101,177104,177109]	177101=?; 177104=optional; 177109=?	? (no matching std attribute in MO/MG/MPG; not mapped)	?	number_of_items, unit_count	dictionary: 2026-09-10 CustomAttribute read (etsy-attributes/master-data-audit.json, 242 rows); in 2026-09-11 Jackets family (198) as "Clarify ambiguous meaning"; mappings: 2026-09-07 completed-field-connections.json; populated rows 2026-09-10: 0
item_specific_unit	Item specific unit	text	channel-specific	eBay unit-price aspect "Unita di misura"	none mapped	n/a (no Amazon field sourced from it)	Unit of measure	Unità di misura [177101,177104,177109]	177101=?; 177104=optional; 177109=?	? (no matching std attribute in MO/MG/MPG; not mapped)	?	unit_count__type	dictionary: 2026-09-10 CustomAttribute read (etsy-attributes/master-data-audit.json, 242 rows); in 2026-09-11 Jackets family (198) as "Clarify ambiguous meaning"; mappings: 2026-09-07 completed-field-connections.json; populated rows 2026-09-10: 0
jacket__decimal_value	Jacket decimal value	number	channel-specific	Amazon SUIT jacket size (tailoring)	SUIT	not required in any evidence (optional)	none mapped	none mapped	n/a	? (no matching std attribute in MO/MG/MPG; not mapped)	?	size	dictionary: 2026-09-10 CustomAttribute read (etsy-attributes/master-data-audit.json, 242 rows); not in 2026-09-11 Jackets family; mappings: 2026-09-07 completed-field-connections.json; populated rows 2026-09-10: 0
jacket__string_value	Jacket string value	text	channel-specific	Amazon SUIT jacket size (tailoring)	SUIT	not required in any evidence (optional)	none mapped	none mapped	n/a	? (no matching std attribute in MO/MG/MPG; not mapped)	?	size	dictionary: 2026-09-10 CustomAttribute read (etsy-attributes/master-data-audit.json, 242 rows); not in 2026-09-11 Jackets family; mappings: 2026-09-07 completed-field-connections.json; populated rows 2026-09-10: 0
jacket__unit	Jacket unit	text	channel-specific	Amazon SUIT jacket size unit	SUIT	not required in any evidence (optional)	none mapped	none mapped	n/a	? (no matching std attribute in MO/MG/MPG; not mapped)	?	size	dictionary: 2026-09-10 CustomAttribute read (etsy-attributes/master-data-audit.json, 242 rows); not in 2026-09-11 Jackets family; mappings: 2026-09-07 completed-field-connections.json; populated rows 2026-09-10: 0
language	Language	text	channel-specific	Amazon language-of-instructions field	OUTERWEAR, SUIT, GLOVES, AUTO_ACCESSORY, APPAREL (Owner X-RACING template only)	tpl APPAREL 2026-07=Optional; tpl COAT 2025-05=Optional; OUTERWEAR IT schema=requiredIfRelevant	none mapped	none mapped	n/a	? (no matching std attribute in MO/MG/MPG; not mapped)	listing field language is Etsy-reported, different meaning	content locale is separate	dictionary: 2026-09-10 CustomAttribute read (etsy-attributes/master-data-audit.json, 242 rows); in 2026-09-11 Jackets family (198) as "Optional apparel and merchandising details"; mappings: 2026-09-07 completed-field-connections.json; populated rows 2026-09-10: 0
league_name	League name	text	unused-or-duplicate	Licensed-merchandise field; not relevant	OUTERWEAR, COAT, PANTS, SUIT, GLOVES, AUTO_ACCESSORY, APPAREL (Owner X-RACING template only)	tpl COAT+PANTS 2026-07=Recommended; tpl APPAREL 2026-07=Optional; tpl COAT 2025-05=Recommended; OUTERWEAR IT schema=optional	none mapped	none mapped	n/a	? (no matching std attribute in MO/MG/MPG; not mapped)	?	none	dictionary: 2026-09-10 CustomAttribute read (etsy-attributes/master-data-audit.json, 242 rows); in 2026-09-11 Jackets family (198) as "Optional apparel and merchandising details"; mappings: 2026-09-07 completed-field-connections.json; populated rows 2026-09-10: 0
leg	Leg	text	unused-or-duplicate	Unclear Amazon PANTS field	PANTS {absent from Owner 2026-07 COAT+PANTS template}	not required in any evidence (optional)	none mapped	none mapped	n/a	? (no matching std attribute in MO/MG/MPG; not mapped)	?	none	dictionary: 2026-09-10 CustomAttribute read (etsy-attributes/master-data-audit.json, 242 rows); in 2026-09-11 Jackets family (198) as "Other product families"; mappings: 2026-09-07 completed-field-connections.json; populated rows 2026-09-10: 0
leg__decimal_value	Leg decimal value	number	unused-or-duplicate	Unclear Amazon COAT field; not relevant	COAT {absent from Owner 2026-07 COAT+PANTS template}	not required in any evidence (optional)	none mapped	none mapped	n/a	? (no matching std attribute in MO/MG/MPG; not mapped)	?	none	dictionary: 2026-09-10 CustomAttribute read (etsy-attributes/master-data-audit.json, 242 rows); in 2026-09-11 Jackets family (198) as "Other product families"; mappings: 2026-09-07 completed-field-connections.json; populated rows 2026-09-10: 0
leg__unit	Leg unit	text	unused-or-duplicate	Unclear Amazon COAT field; not relevant	COAT {absent from Owner 2026-07 COAT+PANTS template}	not required in any evidence (optional)	none mapped	none mapped	n/a	? (no matching std attribute in MO/MG/MPG; not mapped)	?	none	dictionary: 2026-09-10 CustomAttribute read (etsy-attributes/master-data-audit.json, 242 rows); in 2026-09-11 Jackets family (198) as "Other product families"; mappings: 2026-09-07 completed-field-connections.json; populated rows 2026-09-10: 0
leg_hem_opening_widthUnit	Leg hem opening width Unit	text	channel-specific	Amazon PANTS measurement unit	PANTS [Amazon field: leg_hem_opening_width]	tpl COAT+PANTS 2026-07=Optional	none mapped	none mapped	n/a	? (no matching std attribute in MO/MG/MPG; not mapped)	?	leg_hem_opening_widthValue	dictionary: 2026-09-10 CustomAttribute read (etsy-attributes/master-data-audit.json, 242 rows); in 2026-09-11 Jackets family (198) as "Other product families"; mappings: 2026-09-07 completed-field-connections.json; populated rows 2026-09-10: 0
leg_hem_opening_widthValue	Leg hem opening width Value	number	channel-specific	Amazon PANTS measurement	PANTS [Amazon field: leg_hem_opening_width]	tpl COAT+PANTS 2026-07=Optional	none mapped	none mapped	n/a	? (no matching std attribute in MO/MG/MPG; not mapped)	?	leg_hem_opening_widthUnit	dictionary: 2026-09-10 CustomAttribute read (etsy-attributes/master-data-audit.json, 242 rows); in 2026-09-11 Jackets family (198) as "Other product families"; mappings: 2026-09-07 completed-field-connections.json; populated rows 2026-09-10: 0
length	Length	text	unused-or-duplicate	eBay 177104 Lunghezza (hip/waist/long); same fact as item_length_description	none mapped	n/a (no Amazon field sourced from it)	Length	Lunghezza [177104]	177104=optional	see item_length_description	?	item_length_description, width	dictionary: 2026-09-10 CustomAttribute read (etsy-attributes/master-data-audit.json, 242 rows); in 2026-09-11 Jackets family (198) as "Clarify ambiguous meaning"; mappings: 2026-09-07 completed-field-connections.json; populated rows 2026-09-10: 0
lens	Lens	text	unused-or-duplicate	Eyewear field; not relevant	AUTO_ACCESSORY	not required in any evidence (optional)	none mapped	none mapped	n/a	? (no matching std attribute in MO/MG/MPG; not mapped)	?	none	dictionary: 2026-09-10 CustomAttribute read (etsy-attributes/master-data-audit.json, 242 rows); not in 2026-09-11 Jackets family; mappings: 2026-09-07 completed-field-connections.json; populated rows 2026-09-10: 0
lens__color	Lens color	text	unused-or-duplicate	Eyewear field; not relevant	COAT, PANTS {absent from Owner 2026-07 COAT+PANTS template}	tpl COAT 2025-05=Conditionally required	none mapped	none mapped	n/a	? (no matching std attribute in MO/MG/MPG; not mapped)	?	none	dictionary: 2026-09-10 CustomAttribute read (etsy-attributes/master-data-audit.json, 242 rows); in 2026-09-11 Jackets family (198) as "Other product families"; mappings: 2026-09-07 completed-field-connections.json; populated rows 2026-09-10: 0
lens__widthUnit	Lens width Unit	text	unused-or-duplicate	Eyewear field; not relevant	COAT, PANTS [Amazon field: lens__width] {absent from Owner 2026-07 COAT+PANTS template}	tpl COAT 2025-05=Conditionally required	none mapped	none mapped	n/a	? (no matching std attribute in MO/MG/MPG; not mapped)	?	none	dictionary: 2026-09-10 CustomAttribute read (etsy-attributes/master-data-audit.json, 242 rows); in 2026-09-11 Jackets family (198) as "Other product families"; mappings: 2026-09-07 completed-field-connections.json; populated rows 2026-09-10: 0
lens__widthValue	Lens width Value	number	unused-or-duplicate	Eyewear field; not relevant	COAT, PANTS [Amazon field: lens__width] {absent from Owner 2026-07 COAT+PANTS template}	tpl COAT 2025-05=Conditionally required	none mapped	none mapped	n/a	? (no matching std attribute in MO/MG/MPG; not mapped)	?	none	dictionary: 2026-09-10 CustomAttribute read (etsy-attributes/master-data-audit.json, 242 rows); in 2026-09-11 Jackets family (198) as "Other product families"; mappings: 2026-09-07 completed-field-connections.json; populated rows 2026-09-10: 0
lifestyle	Lifestyle	text	channel-specific	Amazon descriptor	OUTERWEAR, COAT, PANTS, SUIT, APPAREL (Owner X-RACING template only)	tpl COAT+PANTS 2026-07=Optional; tpl APPAREL 2026-07=Optional; tpl COAT 2025-05=Optional; OUTERWEAR IT schema=optional	none mapped	none mapped	n/a	? (no matching std attribute in MO/MG/MPG; not mapped)	?	style, sport_type	dictionary: 2026-09-10 CustomAttribute read (etsy-attributes/master-data-audit.json, 242 rows); in 2026-09-11 Jackets family (198) as "Optional apparel and merchandising details"; mappings: 2026-09-07 completed-field-connections.json; populated rows 2026-09-10: 0
lining_description	Lining description	text	channel-specific	Amazon descriptor (recommended)	COAT, PANTS	tpl COAT+PANTS 2026-07=Recommended; tpl COAT 2025-05=Recommended	none mapped	none mapped	n/a	? (no matching std attribute in MO/MG/MPG; not mapped)	?	inner	dictionary: 2026-09-10 CustomAttribute read (etsy-attributes/master-data-audit.json, 242 rows); in 2026-09-11 Jackets family (198) as "Optional apparel and merchandising details"; mappings: 2026-09-07 completed-field-connections.json; populated rows 2026-09-10: 0
lithium_battery__energy_contentUnit	Lithium battery energy content Unit	text	unused-or-duplicate	Amazon battery detail; no battery products	OUTERWEAR, COAT, SUIT, GLOVES, APPAREL (Owner X-RACING template only) [Amazon field: lithium_battery__energy_content]	tpl COAT+PANTS 2026-07=Conditionally required; tpl APPAREL 2026-07=Conditionally required; tpl COAT 2025-05=Conditionally required; OUTERWEAR IT schema=requiredIfRelevant	none mapped	none mapped	n/a	? (no matching std attribute in MO/MG/MPG; not mapped)	?	battery group	dictionary: 2026-09-10 CustomAttribute read (etsy-attributes/master-data-audit.json, 242 rows); in 2026-09-11 Jackets family (198) as "Conditional battery or expiry extension"; mappings: 2026-09-07 completed-field-connections.json; populated rows 2026-09-10: 0
lithium_battery__energy_contentValue	Lithium battery energy content Value	number	unused-or-duplicate	Amazon battery detail; no battery products	OUTERWEAR, COAT, SUIT, GLOVES, APPAREL (Owner X-RACING template only) [Amazon field: lithium_battery__energy_content]	tpl COAT+PANTS 2026-07=Conditionally required; tpl APPAREL 2026-07=Conditionally required; tpl COAT 2025-05=Conditionally required; OUTERWEAR IT schema=requiredIfRelevant	none mapped	none mapped	n/a	? (no matching std attribute in MO/MG/MPG; not mapped)	?	battery group	dictionary: 2026-09-10 CustomAttribute read (etsy-attributes/master-data-audit.json, 242 rows); in 2026-09-11 Jackets family (198) as "Conditional battery or expiry extension"; mappings: 2026-09-07 completed-field-connections.json; populated rows 2026-09-10: 0
lithium_battery__packaging	Lithium battery packaging	text	unused-or-duplicate	Amazon battery detail; no battery products	OUTERWEAR, COAT, SUIT, GLOVES, APPAREL (Owner X-RACING template only)	tpl COAT+PANTS 2026-07=Conditionally required; tpl APPAREL 2026-07=Conditionally required; tpl COAT 2025-05=Conditionally required; OUTERWEAR IT schema=requiredIfRelevant	none mapped	none mapped	n/a	? (no matching std attribute in MO/MG/MPG; not mapped)	?	battery group	dictionary: 2026-09-10 CustomAttribute read (etsy-attributes/master-data-audit.json, 242 rows); in 2026-09-11 Jackets family (198) as "Conditional battery or expiry extension"; mappings: 2026-09-07 completed-field-connections.json; populated rows 2026-09-10: 0
lithium_battery__weightUnit	Lithium battery weight Unit	text	unused-or-duplicate	Amazon battery detail; no battery products	OUTERWEAR, COAT, SUIT, GLOVES, APPAREL (Owner X-RACING template only) [Amazon field: lithium_battery__weight]	tpl COAT+PANTS 2026-07=Conditionally required; tpl APPAREL 2026-07=Conditionally required; tpl COAT 2025-05=Conditionally required; OUTERWEAR IT schema=requiredIfRelevant	none mapped	none mapped	n/a	? (no matching std attribute in MO/MG/MPG; not mapped)	?	battery group	dictionary: 2026-09-10 CustomAttribute read (etsy-attributes/master-data-audit.json, 242 rows); in 2026-09-11 Jackets family (198) as "Conditional battery or expiry extension"; mappings: 2026-09-07 completed-field-connections.json; populated rows 2026-09-10: 0
lithium_battery__weightValue	Lithium battery weight Value	number	unused-or-duplicate	Amazon battery detail; no battery products	OUTERWEAR, COAT, SUIT, GLOVES, APPAREL (Owner X-RACING template only) [Amazon field: lithium_battery__weight]	tpl COAT+PANTS 2026-07=Conditionally required; tpl APPAREL 2026-07=Conditionally required; tpl COAT 2025-05=Conditionally required; OUTERWEAR IT schema=requiredIfRelevant	none mapped	none mapped	n/a	? (no matching std attribute in MO/MG/MPG; not mapped)	?	battery group	dictionary: 2026-09-10 CustomAttribute read (etsy-attributes/master-data-audit.json, 242 rows); in 2026-09-11 Jackets family (198) as "Conditional battery or expiry extension"; mappings: 2026-09-07 completed-field-connections.json; populated rows 2026-09-10: 0
manufacturer_warranty	Manufacturer warranty	text	core	Warranty terms; eBay Garanzia produttore; Amazon asks the same as warranty_description	none mapped	n/a (no Amazon field sourced from it)	Manufacturer warranty	Garanzia produttore [177101,177104,177109]	177101=?; 177104=optional; 177109=?	? (no matching std attribute in MO/MG/MPG; not mapped)	?	warranty_description	dictionary: 2026-09-10 CustomAttribute read (etsy-attributes/master-data-audit.json, 242 rows); in 2026-09-11 Jackets family (198) as "Core shared facts"; mappings: 2026-09-07 completed-field-connections.json; populated rows 2026-09-10: 0
metal_type	Metal type	text	unused-or-duplicate	Jewellery field; not relevant	COAT, PANTS {absent from Owner 2026-07 COAT+PANTS template}	tpl COAT 2025-05=Conditionally required	none mapped	none mapped	n/a	? (no matching std attribute in MO/MG/MPG; not mapped)	?	none	dictionary: 2026-09-10 CustomAttribute read (etsy-attributes/master-data-audit.json, 242 rows); in 2026-09-11 Jackets family (198) as "Other product families"; mappings: 2026-09-07 completed-field-connections.json; populated rows 2026-09-10: 0
model_name	Model name	text	core	Model/line name; Amazon-required on every type	OUTERWEAR, COAT, PANTS, SUIT, GLOVES, AUTO_ACCESSORY, APPAREL (Owner X-RACING template only)	tpl COAT+PANTS 2026-07=Conditionally required; tpl APPAREL 2026-07=Conditionally required; tpl COAT 2025-05=Conditionally required; OUTERWEAR IT schema=requiredIfRelevant; validator missing-required 2026-09-07: OUTERWEAR/COAT/PANTS/SUIT/GLOVES/AUTO_ACCESSORY	none mapped	none mapped	n/a	? (no matching std attribute in MO/MG/MPG; not mapped)	?	model_number, item_name/title	dictionary: 2026-09-10 CustomAttribute read (etsy-attributes/master-data-audit.json, 242 rows); in 2026-09-11 Jackets family (198) as "Core shared facts"; mappings: 2026-09-07 completed-field-connections.json; populated rows 2026-09-10: 0
neckline	Neckline	text	core	Neck/collar style; eBay Scollatura and Shopify Neckline	none mapped	n/a (no Amazon field sourced from it)	Neckline	Scollatura [177104]	177104=optional	std Neckline (MO)	?	collar_style (Amazon)	dictionary: 2026-09-10 CustomAttribute read (etsy-attributes/master-data-audit.json, 242 rows); in 2026-09-11 Jackets family (198) as "Optional apparel and merchandising details"; mappings: 2026-09-07 completed-field-connections.json; populated rows 2026-09-10: 0
non_lithium_battery_energy_content	Non lithium battery energy content	number	unused-or-duplicate	Amazon battery detail; no battery products	COAT	tpl COAT+PANTS 2026-07=Optional	none mapped	none mapped	n/a	? (no matching std attribute in MO/MG/MPG; not mapped)	?	battery group	dictionary: 2026-09-10 CustomAttribute read (etsy-attributes/master-data-audit.json, 242 rows); in 2026-09-11 Jackets family (198) as "Conditional battery or expiry extension"; mappings: 2026-09-07 completed-field-connections.json; populated rows 2026-09-10: 0
non_lithium_battery_energy_content__unit	Non lithium battery energy content unit	text	unused-or-duplicate	Amazon battery detail; no battery products	COAT {absent from Owner 2026-07 COAT+PANTS template}	not required in any evidence (optional)	none mapped	none mapped	n/a	? (no matching std attribute in MO/MG/MPG; not mapped)	?	battery group	dictionary: 2026-09-10 CustomAttribute read (etsy-attributes/master-data-audit.json, 242 rows); in 2026-09-11 Jackets family (198) as "Conditional battery or expiry extension"; mappings: 2026-09-07 completed-field-connections.json; populated rows 2026-09-10: 0
non_lithium_battery_packaging	Non lithium battery packaging	text	unused-or-duplicate	Amazon battery detail; no battery products	COAT	tpl COAT+PANTS 2026-07=Conditionally required	none mapped	none mapped	n/a	? (no matching std attribute in MO/MG/MPG; not mapped)	?	battery group	dictionary: 2026-09-10 CustomAttribute read (etsy-attributes/master-data-audit.json, 242 rows); in 2026-09-11 Jackets family (198) as "Conditional battery or expiry extension"; mappings: 2026-09-07 completed-field-connections.json; populated rows 2026-09-10: 0
num_batteries	Num batteries	number	unused-or-duplicate	Amazon battery detail; no battery products	OUTERWEAR, COAT, SUIT, GLOVES {absent from Owner 2026-07 COAT+PANTS template}	OUTERWEAR IT schema=requiredIfRelevant	none mapped	none mapped	n/a	? (no matching std attribute in MO/MG/MPG; not mapped)	?	battery group	dictionary: 2026-09-10 CustomAttribute read (etsy-attributes/master-data-audit.json, 242 rows); in 2026-09-11 Jackets family (198) as "Conditional battery or expiry extension"; mappings: 2026-09-07 completed-field-connections.json; populated rows 2026-09-10: 0
number_of_items	Number of items	number	core	Items per sellable unit (e.g. a pair of sliders = 2)	OUTERWEAR, COAT, PANTS, SUIT, GLOVES, AUTO_ACCESSORY, APPAREL (Owner X-RACING template only)	tpl COAT+PANTS 2026-07=Conditionally required; tpl APPAREL 2026-07=Conditionally required; tpl COAT 2025-05=Conditionally required; OUTERWEAR IT schema=requiredIfRelevant	none mapped	none mapped	n/a	? (no matching std attribute in MO/MG/MPG; not mapped)	?	item_package_quantity, unit_count, item_specific_quantity, number_of_pieces	dictionary: 2026-09-10 CustomAttribute read (etsy-attributes/master-data-audit.json, 242 rows); in 2026-09-11 Jackets family (198) as "Consolidate related concepts"; mappings: 2026-09-07 completed-field-connections.json; populated rows 2026-09-10: 0
number_of_lithium_ion_cells	Number of lithium ion cells	number	unused-or-duplicate	Amazon battery detail; no battery products	OUTERWEAR, COAT, SUIT, GLOVES, APPAREL (Owner X-RACING template only)	tpl COAT+PANTS 2026-07=Conditionally required; tpl APPAREL 2026-07=Conditionally required; tpl COAT 2025-05=Conditionally required; OUTERWEAR IT schema=requiredIfRelevant	none mapped	none mapped	n/a	? (no matching std attribute in MO/MG/MPG; not mapped)	?	battery group	dictionary: 2026-09-10 CustomAttribute read (etsy-attributes/master-data-audit.json, 242 rows); in 2026-09-11 Jackets family (198) as "Optional apparel and merchandising details"; mappings: 2026-09-07 completed-field-connections.json; populated rows 2026-09-10: 0
number_of_lithium_metal_cells	Number of lithium metal cells	number	unused-or-duplicate	Amazon battery detail; no battery products	OUTERWEAR, COAT, SUIT, GLOVES, APPAREL (Owner X-RACING template only)	tpl COAT+PANTS 2026-07=Conditionally required; tpl APPAREL 2026-07=Conditionally required; tpl COAT 2025-05=Conditionally required; OUTERWEAR IT schema=requiredIfRelevant	none mapped	none mapped	n/a	? (no matching std attribute in MO/MG/MPG; not mapped)	?	battery group	dictionary: 2026-09-10 CustomAttribute read (etsy-attributes/master-data-audit.json, 242 rows); in 2026-09-11 Jackets family (198) as "Optional apparel and merchandising details"; mappings: 2026-09-07 completed-field-connections.json; populated rows 2026-09-10: 0
number_of_pieces	Number of pieces	number	unused-or-duplicate	Amazon SUIT piece count; overlaps included_components/number_of_items	SUIT	not required in any evidence (optional)	none mapped	none mapped	n/a	? (no matching std attribute in MO/MG/MPG; not mapped)	?	included_components, number_of_items	dictionary: 2026-09-10 CustomAttribute read (etsy-attributes/master-data-audit.json, 242 rows); not in 2026-09-11 Jackets family; mappings: 2026-09-07 completed-field-connections.json; populated rows 2026-09-10: 0
number_of_pockets	Number of pockets	number	channel-specific	Amazon descriptor	COAT, PANTS, SUIT	tpl COAT+PANTS 2026-07=Optional; tpl COAT 2025-05=Recommended	none mapped	none mapped	n/a	std Outerwear clothing features value "Pockets" (MO) nearest	?	dup: front_pocket_count, has_pockets	dictionary: 2026-09-10 CustomAttribute read (etsy-attributes/master-data-audit.json, 242 rows); in 2026-09-11 Jackets family (198) as "Consolidate related concepts"; mappings: 2026-09-07 completed-field-connections.json; populated rows 2026-09-10: 0
oem_equivalent_part_number	Oem equivalent part number	text	unused-or-duplicate	OEM part number; own-brand goods	AUTO_ACCESSORY	not required in any evidence (optional)	none mapped	none mapped	n/a	? (no matching std attribute in MO/MG/MPG; not mapped)	?	part_number	dictionary: 2026-09-10 CustomAttribute read (etsy-attributes/master-data-audit.json, 242 rows); not in 2026-09-11 Jackets family; mappings: 2026-09-07 completed-field-connections.json; populated rows 2026-09-10: 0
outer	Outer	text	unused-or-duplicate	Amazon outer.material (required on all apparel); same fact as material for these products	OUTERWEAR, COAT, PANTS, SUIT {absent from Owner 2026-07 COAT+PANTS template}	OUTERWEAR IT schema=requiredIfRelevant; validator missing-required 2026-09-07: OUTERWEAR/COAT/PANTS/SUIT	none mapped	none mapped	n/a	see material	?	material, fabric_type, compliance_outer_surface_material	dictionary: 2026-09-10 CustomAttribute read (etsy-attributes/master-data-audit.json, 242 rows); in 2026-09-11 Jackets family (198) as "Clarify ambiguous meaning"; mappings: 2026-09-07 completed-field-connections.json; populated rows 2026-09-10: 0
package_contains_sku	Package contains sku	number	channel-specific	Amazon package hierarchy	GLOVES, AUTO_ACCESSORY	not required in any evidence (optional)	none mapped	none mapped	n/a	? (no matching std attribute in MO/MG/MPG; not mapped)	?	item_package_quantity	dictionary: 2026-09-10 CustomAttribute read (etsy-attributes/master-data-audit.json, 242 rows); not in 2026-09-11 Jackets family; mappings: 2026-09-07 completed-field-connections.json; populated rows 2026-09-10: 0
package_level	Package level	text	channel-specific	Amazon package hierarchy	GLOVES, AUTO_ACCESSORY	not required in any evidence (optional)	none mapped	none mapped	n/a	? (no matching std attribute in MO/MG/MPG; not mapped)	?	none	dictionary: 2026-09-10 CustomAttribute read (etsy-attributes/master-data-audit.json, 242 rows); not in 2026-09-11 Jackets family; mappings: 2026-09-07 completed-field-connections.json; populated rows 2026-09-10: 0
packageDimensionUnit	Package Dimension Unit	text	core	Package dimension unit; Amazon and eBay both use it	OUTERWEAR, COAT, PANTS, SUIT, GLOVES, AUTO_ACCESSORY, APPAREL (Owner X-RACING template only) [Amazon field: item_package_dimensions__height / item_package_dimensions__length / item_package_dimensions__width]	tpl COAT+PANTS 2026-07=Conditionally required; tpl APPAREL 2026-07=Conditionally required; tpl COAT 2025-05=Conditionally required; OUTERWEAR IT schema=requiredIfRelevant	Package dimension unit	(listing field) Package dimension unit [177101,177104,177109]	177101=?; 177104=listing field; 177109=?	? (no matching std attribute in MO/MG/MPG; not mapped)	?	native dimUnit (item, not package)	dictionary: 2026-09-10 CustomAttribute read (etsy-attributes/master-data-audit.json, 242 rows); in 2026-09-11 Jackets family (198) as "Structured measurements and size systems"; mappings: 2026-09-07 completed-field-connections.json; populated rows 2026-09-10: 0
packageHeight	Package Height	number	core	Package height; Amazon-required and eBay shipping	OUTERWEAR, COAT, PANTS, SUIT, GLOVES, AUTO_ACCESSORY, APPAREL (Owner X-RACING template only) [Amazon field: item_package_dimensions__height]	tpl COAT+PANTS 2026-07=Conditionally required; tpl APPAREL 2026-07=Conditionally required; tpl COAT 2025-05=Conditionally required; OUTERWEAR IT schema=requiredIfRelevant; validator missing-required 2026-09-07: OUTERWEAR/COAT/PANTS/SUIT/GLOVES/AUTO_ACCESSORY	Package height	(listing field) Package height [177101,177104,177109]	177101=?; 177104=listing field; 177109=?	? (no matching std attribute in MO/MG/MPG; not mapped)	?	native dimHeight (item)	dictionary: 2026-09-10 CustomAttribute read (etsy-attributes/master-data-audit.json, 242 rows); in 2026-09-11 Jackets family (198) as "Structured measurements and size systems"; mappings: 2026-09-07 completed-field-connections.json; populated rows 2026-09-10: 0
packageLength	Package Length	number	core	Package length; Amazon-required and eBay shipping	OUTERWEAR, COAT, PANTS, SUIT, GLOVES, AUTO_ACCESSORY, APPAREL (Owner X-RACING template only) [Amazon field: item_package_dimensions__length]	tpl COAT+PANTS 2026-07=Conditionally required; tpl APPAREL 2026-07=Conditionally required; tpl COAT 2025-05=Conditionally required; OUTERWEAR IT schema=requiredIfRelevant; validator missing-required 2026-09-07: OUTERWEAR/COAT/PANTS/SUIT/GLOVES/AUTO_ACCESSORY	Package length	(listing field) Package length [177101,177104,177109]	177101=?; 177104=listing field; 177109=?	? (no matching std attribute in MO/MG/MPG; not mapped)	?	native dimLength (item)	dictionary: 2026-09-10 CustomAttribute read (etsy-attributes/master-data-audit.json, 242 rows); in 2026-09-11 Jackets family (198) as "Structured measurements and size systems"; mappings: 2026-09-07 completed-field-connections.json; populated rows 2026-09-10: 0
packageType	Package Type	text	channel-specific	eBay shipping package type	none mapped	n/a (no Amazon field sourced from it)	Package type	(listing field) Package type [177101,177104,177109]	177101=?; 177104=listing field; 177109=?	? (no matching std attribute in MO/MG/MPG; not mapped)	?	customer_package_type (Amazon, different meaning)	dictionary: 2026-09-10 CustomAttribute read (etsy-attributes/master-data-audit.json, 242 rows); in 2026-09-11 Jackets family (198) as "Consolidate related concepts"; mappings: 2026-09-07 completed-field-connections.json; populated rows 2026-09-10: 0
packageWeightUnit	Package Weight Unit	text	core	Package weight unit; Amazon and eBay	OUTERWEAR, COAT, PANTS, SUIT, GLOVES, AUTO_ACCESSORY, APPAREL (Owner X-RACING template only) [Amazon field: item_package_weight]	tpl COAT+PANTS 2026-07=Conditionally required; tpl APPAREL 2026-07=Conditionally required; tpl COAT 2025-05=Conditionally required; OUTERWEAR IT schema=requiredIfRelevant	Package weight	(listing field) Package weight [177101,177104,177109]	177101=?; 177104=listing field; 177109=?	? (no matching std attribute in MO/MG/MPG; not mapped)	?	native weightUnit (item)	dictionary: 2026-09-10 CustomAttribute read (etsy-attributes/master-data-audit.json, 242 rows); in 2026-09-11 Jackets family (198) as "Structured measurements and size systems"; mappings: 2026-09-07 completed-field-connections.json; populated rows 2026-09-10: 0
packageWeightValue	Package Weight Value	number	core	Package weight; Amazon-required and eBay shipping	OUTERWEAR, COAT, PANTS, SUIT, GLOVES, AUTO_ACCESSORY, APPAREL (Owner X-RACING template only) [Amazon field: item_package_weight]	tpl COAT+PANTS 2026-07=Conditionally required; tpl APPAREL 2026-07=Conditionally required; tpl COAT 2025-05=Conditionally required; OUTERWEAR IT schema=requiredIfRelevant; validator missing-required 2026-09-07: OUTERWEAR/COAT/PANTS/SUIT/GLOVES/AUTO_ACCESSORY	Package weight	(listing field) Package weight [177101,177104,177109]	177101=?; 177104=listing field; 177109=?	native weight is fed by item weightValue, not package weight	?	native weightValue (item)	dictionary: 2026-09-10 CustomAttribute read (etsy-attributes/master-data-audit.json, 242 rows); in 2026-09-11 Jackets family (198) as "Structured measurements and size systems"; mappings: 2026-09-07 completed-field-connections.json; populated rows 2026-09-10: 0
packageWidth	Package Width	number	core	Package width; Amazon-required and eBay shipping	OUTERWEAR, COAT, PANTS, SUIT, GLOVES, AUTO_ACCESSORY, APPAREL (Owner X-RACING template only) [Amazon field: item_package_dimensions__width]	tpl COAT+PANTS 2026-07=Conditionally required; tpl APPAREL 2026-07=Conditionally required; tpl COAT 2025-05=Conditionally required; OUTERWEAR IT schema=requiredIfRelevant; validator missing-required 2026-09-07: OUTERWEAR/COAT/PANTS/SUIT/GLOVES/AUTO_ACCESSORY	Package width	(listing field) Package width [177101,177104,177109]	177101=?; 177104=listing field; 177109=?	? (no matching std attribute in MO/MG/MPG; not mapped)	?	native dimWidth (item)	dictionary: 2026-09-10 CustomAttribute read (etsy-attributes/master-data-audit.json, 242 rows); in 2026-09-11 Jackets family (198) as "Structured measurements and size systems"; mappings: 2026-09-07 completed-field-connections.json; populated rows 2026-09-10: 0
pants_form_type	Pants form type	text	channel-specific	Amazon PANTS descriptor (recommended)	PANTS	tpl COAT+PANTS 2026-07=Recommended	none mapped	none mapped	n/a	? (no matching std attribute in MO/MG/MPG; not mapped)	?	none	dictionary: 2026-09-10 CustomAttribute read (etsy-attributes/master-data-audit.json, 242 rows); in 2026-09-11 Jackets family (198) as "Other product families"; mappings: 2026-09-07 completed-field-connections.json; populated rows 2026-09-10: 0
part_number	Part number	text	unused-or-duplicate	Amazon part number (required on AUTO_ACCESSORY); no separate MPN in this catalog	OUTERWEAR, COAT, PANTS, SUIT, GLOVES, AUTO_ACCESSORY, APPAREL (Owner X-RACING template only)	tpl COAT+PANTS 2026-07=Optional; tpl APPAREL 2026-07=Optional; tpl COAT 2025-05=Optional; OUTERWEAR IT schema=requiredIfRelevant; validator missing-required 2026-09-07: AUTO_ACCESSORY	none mapped	none mapped	n/a	store metafield "Google: MPN" exists, not mapped	?	model_number; eBay native MPN column	dictionary: 2026-09-10 CustomAttribute read (etsy-attributes/master-data-audit.json, 242 rows); in 2026-09-11 Jackets family (198) as "Optional apparel and merchandising details"; mappings: 2026-09-07 completed-field-connections.json; populated rows 2026-09-10: 0
pattern	Pattern	text	core	Pattern; Shopify base attribute for all apparel, Amazon field	OUTERWEAR, COAT, PANTS, SUIT, AUTO_ACCESSORY, APPAREL (Owner X-RACING template only)	tpl COAT+PANTS 2026-07=Recommended; tpl APPAREL 2026-07=Recommended; tpl COAT 2025-05=Conditionally required; OUTERWEAR IT schema=requiredIfRelevant	none mapped	none mapped	n/a	std Pattern (all apparel/moto categories); not mapped	?	dup: pattern_type	dictionary: 2026-09-10 CustomAttribute read (etsy-attributes/master-data-audit.json, 242 rows); in 2026-09-11 Jackets family (198) as "Consolidate related concepts"; mappings: 2026-09-07 completed-field-connections.json; populated rows 2026-09-10: 0
pattern_type	Pattern type	text	unused-or-duplicate	Duplicate of pattern (Amazon PANTS spelling)	PANTS {absent from Owner 2026-07 COAT+PANTS template}	not required in any evidence (optional)	none mapped	none mapped	n/a	see pattern	?	pattern	dictionary: 2026-09-10 CustomAttribute read (etsy-attributes/master-data-audit.json, 242 rows); in 2026-09-11 Jackets family (198) as "Consolidate related concepts"; mappings: 2026-09-07 completed-field-connections.json; populated rows 2026-09-10: 0
platform_for_display	Platform for display	text	unused-or-duplicate	Media/electronics field; not relevant	COAT {absent from Owner 2026-07 COAT+PANTS template}	tpl COAT 2025-05=Conditionally required	none mapped	none mapped	n/a	? (no matching std attribute in MO/MG/MPG; not mapped)	?	none	dictionary: 2026-09-10 CustomAttribute read (etsy-attributes/master-data-audit.json, 242 rows); in 2026-09-11 Jackets family (198) as "Other product families"; mappings: 2026-09-07 completed-field-connections.json; populated rows 2026-09-10: 0
pocket_description	Pocket description	text	channel-specific	Amazon descriptor (recommended)	COAT, PANTS, SUIT	tpl COAT+PANTS 2026-07=Recommended; tpl COAT 2025-05=Conditionally required	none mapped	none mapped	n/a	? (no matching std attribute in MO/MG/MPG; not mapped)	?	number_of_pockets	dictionary: 2026-09-10 CustomAttribute read (etsy-attributes/master-data-audit.json, 242 rows); in 2026-09-11 Jackets family (198) as "Optional apparel and merchandising details"; mappings: 2026-09-07 completed-field-connections.json; populated rows 2026-09-10: 0
power_plug_type	Power plug type	text	channel-specific	Amazon AUTO_ACCESSORY electrical field (flagged missing-required)	AUTO_ACCESSORY	validator missing-required 2026-09-07: AUTO_ACCESSORY	none mapped	none mapped	n/a	? (no matching std attribute in MO/MG/MPG; not mapped)	?	accepted_voltage_frequency	dictionary: 2026-09-10 CustomAttribute read (etsy-attributes/master-data-audit.json, 242 rows); not in 2026-09-11 Jackets family; mappings: 2026-09-07 completed-field-connections.json; populated rows 2026-09-10: 0
product_expiration_type	Product expiration type	text	unused-or-duplicate	Expiring goods only; not relevant	OUTERWEAR	OUTERWEAR IT schema=requiredIfRelevant	none mapped	none mapped	n/a	? (no matching std attribute in MO/MG/MPG; not mapped)	?	is_expiration_dated_product	dictionary: 2026-09-10 CustomAttribute read (etsy-attributes/master-data-audit.json, 242 rows); in 2026-09-11 Jackets family (198) as "Conditional battery or expiry extension"; mappings: 2026-09-07 completed-field-connections.json; populated rows 2026-09-10: 0
product_grade	Product grade	text	channel-specific	Amazon AUTO_ACCESSORY only	AUTO_ACCESSORY	not required in any evidence (optional)	none mapped	none mapped	n/a	? (no matching std attribute in MO/MG/MPG; not mapped)	?	none	dictionary: 2026-09-10 CustomAttribute read (etsy-attributes/master-data-audit.json, 242 rows); not in 2026-09-11 Jackets family; mappings: 2026-09-07 completed-field-connections.json; populated rows 2026-09-10: 0
protection	Protection	text	unused-or-duplicate	eBay Protezione (options are protector locations; files hold a level); same facts as impactProtectors/armorType	none mapped	n/a (no Amazon field sourced from it)	Protection	Protezione [177104,177109]	177104=optional; 177109=?	see impactProtectors	?	impactProtectors, armorType	dictionary: 2026-09-10 CustomAttribute read (etsy-attributes/master-data-audit.json, 242 rows); in 2026-09-11 Jackets family (198) as "Clarify ambiguous meaning"; mappings: 2026-09-07 completed-field-connections.json; populated rows 2026-09-10: 0
regulatory_compliance_certification	Regulatory compliance certification	text	unused-or-duplicate	Amazon free-text certification list; same facts as garmentClass/glove_standard/notified body	COAT, PANTS, SUIT, GLOVES, AUTO_ACCESSORY {absent from Owner 2026-07 COAT+PANTS template}	not required in any evidence (optional)	none mapped	none mapped	n/a	see glove_standard/garmentClass	?	garmentClass, glove_standard, ppeCategory, ceCertification	dictionary: 2026-09-10 CustomAttribute read (etsy-attributes/master-data-audit.json, 242 rows); in 2026-09-11 Jackets family (198) as "Conditional safety and compliance"; mappings: 2026-09-07 completed-field-connections.json; populated rows 2026-09-10: 0
ring	Ring	text	unused-or-duplicate	Jewellery field; not relevant	COAT, PANTS {absent from Owner 2026-07 COAT+PANTS template}	not required in any evidence (optional)	none mapped	none mapped	n/a	? (no matching std attribute in MO/MG/MPG; not mapped)	?	none	dictionary: 2026-09-10 CustomAttribute read (etsy-attributes/master-data-audit.json, 242 rows); in 2026-09-11 Jackets family (198) as "Other product families"; mappings: 2026-09-07 completed-field-connections.json; populated rows 2026-09-10: 0
rise__heightUnit	Rise height Unit	text	core	Size-chart measurement unit	PANTS [Amazon field: rise__height]	tpl COAT+PANTS 2026-07=Optional	none mapped	none mapped	n/a	? (no matching std attribute in MO/MG/MPG; not mapped)	?	rise__heightValue	dictionary: 2026-09-10 CustomAttribute read (etsy-attributes/master-data-audit.json, 242 rows); in 2026-09-11 Jackets family (198) as "Other product families"; mappings: 2026-09-07 completed-field-connections.json; populated rows 2026-09-10: 0
rise__heightValue	Rise height Value	number	core	Trouser rise measurement; flagged missing-required on PANTS	PANTS [Amazon field: rise__height]	tpl COAT+PANTS 2026-07=Optional; validator missing-required 2026-09-07: PANTS	none mapped	none mapped	n/a	? (no matching std attribute in MO/MG/MPG; not mapped)	?	rise__style	dictionary: 2026-09-10 CustomAttribute read (etsy-attributes/master-data-audit.json, 242 rows); in 2026-09-11 Jackets family (198) as "Other product families"; mappings: 2026-09-07 completed-field-connections.json; populated rows 2026-09-10: 0
rise__style	Rise style	text	channel-specific	Amazon PANTS descriptor; flagged missing-required on PANTS	PANTS	tpl COAT+PANTS 2026-07=Conditionally required; validator missing-required 2026-09-07: PANTS	none mapped	none mapped	n/a	? (no matching std attribute in MO/MG/MPG; not mapped)	?	rise__heightValue	dictionary: 2026-09-10 CustomAttribute read (etsy-attributes/master-data-audit.json, 242 rows); in 2026-09-11 Jackets family (198) as "Other product families"; mappings: 2026-09-07 completed-field-connections.json; populated rows 2026-09-10: 0
safety_data_sheet_url	Safety data sheet url	text	unused-or-duplicate	Chemical safety data sheet; only when DG is declared	OUTERWEAR, COAT, SUIT, GLOVES, AUTO_ACCESSORY, APPAREL (Owner X-RACING template only)	tpl COAT+PANTS 2026-07=Conditionally required; tpl APPAREL 2026-07=Conditionally required; tpl COAT 2025-05=Conditionally required; OUTERWEAR IT schema=requiredIfRelevant	none mapped	none mapped	n/a	? (no matching std attribute in MO/MG/MPG; not mapped)	?	declarationOfConformityUrl (different document)	dictionary: 2026-09-10 CustomAttribute read (etsy-attributes/master-data-audit.json, 242 rows); in 2026-09-11 Jackets family (198) as "Conditional safety and compliance"; mappings: 2026-09-07 completed-field-connections.json; populated rows 2026-09-10: 0
scent	Scent	text	unused-or-duplicate	Fragrance field; not relevant	COAT, PANTS, SUIT, AUTO_ACCESSORY {absent from Owner 2026-07 COAT+PANTS template}	tpl COAT 2025-05=Conditionally required	none mapped	none mapped	n/a	? (no matching std attribute in MO/MG/MPG; not mapped)	?	none	dictionary: 2026-09-10 CustomAttribute read (etsy-attributes/master-data-audit.json, 242 rows); in 2026-09-11 Jackets family (198) as "Other product families"; mappings: 2026-09-07 completed-field-connections.json; populated rows 2026-09-10: 0
seasons	Seasons	text	core	Season of use; Amazon COAT and eBay Stagione	COAT	tpl COAT+PANTS 2026-07=Recommended; tpl COAT 2025-05=Recommended	Season	Stagione [177104,177109]	177104=optional; 177109=?	? (no matching std attribute in MO/MG/MPG; not mapped)	?	climate_suitability, temperature_rating	dictionary: 2026-09-10 CustomAttribute read (etsy-attributes/master-data-audit.json, 242 rows); in 2026-09-11 Jackets family (198) as "Optional apparel and merchandising details"; mappings: 2026-09-07 completed-field-connections.json; populated rows 2026-09-10: 0
shoulder_to_bottom_hem_lengthUnit	Shoulder to bottom hem length Unit	text	core	Size-chart measurement unit	COAT, SUIT, APPAREL (Owner X-RACING template only) [Amazon field: shoulder_to_bottom_hem_length]	tpl COAT+PANTS 2026-07=Optional; tpl APPAREL 2026-07=Optional	none mapped	none mapped	n/a	? (no matching std attribute in MO/MG/MPG; not mapped)	?	shoulder_to_bottom_hem_lengthValue	dictionary: 2026-09-10 CustomAttribute read (etsy-attributes/master-data-audit.json, 242 rows); in 2026-09-11 Jackets family (198) as "Structured measurements and size systems"; mappings: 2026-09-07 completed-field-connections.json; populated rows 2026-09-10: 0
shoulder_to_bottom_hem_lengthValue	Shoulder to bottom hem length Value	number	core	Jacket length measurement; size-chart fact	COAT, SUIT, APPAREL (Owner X-RACING template only) [Amazon field: shoulder_to_bottom_hem_length]	tpl COAT+PANTS 2026-07=Optional; tpl APPAREL 2026-07=Optional	none mapped	none mapped	n/a	? (no matching std attribute in MO/MG/MPG; not mapped)	?	item_length_description	dictionary: 2026-09-10 CustomAttribute read (etsy-attributes/master-data-audit.json, 242 rows); in 2026-09-11 Jackets family (198) as "Structured measurements and size systems"; mappings: 2026-09-07 completed-field-connections.json; populated rows 2026-09-10: 0
sleeve__length_description	Sleeve length description	text	core	Sleeve length; Amazon field and Shopify std attribute	COAT, SUIT, APPAREL (Owner X-RACING template only)	tpl COAT+PANTS 2026-07=Optional; tpl APPAREL 2026-07=Recommended	none mapped	none mapped	n/a	std Sleeve length type (MO/RS/RP); not mapped	?	sleeve__type	dictionary: 2026-09-10 CustomAttribute read (etsy-attributes/master-data-audit.json, 242 rows); in 2026-09-11 Jackets family (198) as "Optional apparel and merchandising details"; mappings: 2026-09-07 completed-field-connections.json; populated rows 2026-09-10: 0
sleeve__type	Sleeve type	text	channel-specific	Amazon descriptor (recommended)	COAT, SUIT	tpl COAT+PANTS 2026-07=Recommended; tpl COAT 2025-05=Recommended	none mapped	none mapped	n/a	? (no matching std attribute in MO/MG/MPG; not mapped)	?	sleeve__length_description	dictionary: 2026-09-10 CustomAttribute read (etsy-attributes/master-data-audit.json, 242 rows); in 2026-09-11 Jackets family (198) as "Optional apparel and merchandising details"; mappings: 2026-09-07 completed-field-connections.json; populated rows 2026-09-10: 0
special_feature	Special feature	text	core	Feature list (waterproof, vented, reflective); Amazon and eBay Caratteristiche	COAT, PANTS	tpl COAT+PANTS 2026-07=Optional; tpl COAT 2025-05=Recommended	Features	Caratteristiche [177104,177109]	177104=optional; 177109=?	std Outerwear clothing features (MO) / Protective gear features (MPG); not mapped	?	additional_features (eBay 177109), water_resistance_level	dictionary: 2026-09-10 CustomAttribute read (etsy-attributes/master-data-audit.json, 242 rows); in 2026-09-11 Jackets family (198) as "Optional apparel and merchandising details"; mappings: 2026-09-07 completed-field-connections.json; populated rows 2026-09-10: 0
special_size_type	Special size type	text	core	Regular/plus/tall size type; Amazon and Shopify	OUTERWEAR, COAT, PANTS, SUIT, APPAREL (Owner X-RACING template only)	tpl COAT+PANTS 2026-07=Conditionally required; tpl APPAREL 2026-07=Conditionally required; tpl COAT 2025-05=Conditionally required; OUTERWEAR IT schema=optional	none mapped	none mapped	n/a	std Size type (MO/RS/RP); store metafield "Google: Size Type" exists, not mapped	?	none	dictionary: 2026-09-10 CustomAttribute read (etsy-attributes/master-data-audit.json, 242 rows); in 2026-09-11 Jackets family (198) as "Optional apparel and merchandising details"; mappings: 2026-09-07 completed-field-connections.json; populated rows 2026-09-10: 0
specific_color	Specific color	text	unused-or-duplicate	eBay free-text "Colore specifico"; same fact as exact_color	none mapped	n/a (no Amazon field sourced from it)	Specific color	Colore specifico [177101,177104,177109]	177101=?; 177104=optional; 177109=?	see color	?	color, exact_color	dictionary: 2026-09-10 CustomAttribute read (etsy-attributes/master-data-audit.json, 242 rows); in 2026-09-11 Jackets family (198) as "Consolidate related concepts"; mappings: 2026-09-07 completed-field-connections.json; populated rows 2026-09-10: 0
specific_material	Specific material	text	unused-or-duplicate	eBay 177109 free-text "Materiale specifico"; same fact as material	none mapped	n/a (no Amazon field sourced from it)	Specific material	Materiale specifico [177109]	177109=?	see material	?	material, exact_material	dictionary: 2026-09-10 CustomAttribute read (etsy-attributes/master-data-audit.json, 242 rows); not in 2026-09-11 Jackets family; mappings: 2026-09-07 completed-field-connections.json; populated rows 2026-09-10: 0
specific_uses_for_product	Specific uses for product	text	channel-specific	Amazon descriptor	PANTS	tpl COAT+PANTS 2026-07=Optional	none mapped	none mapped	n/a	? (no matching std attribute in MO/MG/MPG; not mapped)	?	sport_type	dictionary: 2026-09-10 CustomAttribute read (etsy-attributes/master-data-audit.json, 242 rows); in 2026-09-11 Jackets family (198) as "Optional apparel and merchandising details"; mappings: 2026-09-07 completed-field-connections.json; populated rows 2026-09-10: 0
sport_type	Sport type	text	channel-specific	Amazon descriptor ("motorcycling"; recommended)	COAT, PANTS	tpl COAT+PANTS 2026-07=Recommended; tpl COAT 2025-05=Recommended	none mapped	none mapped	n/a	std Vehicle type (MPG/MG) is the nearest idea	?	specific_uses_for_product, lifestyle	dictionary: 2026-09-10 CustomAttribute read (etsy-attributes/master-data-audit.json, 242 rows); in 2026-09-11 Jackets family (198) as "Optional apparel and merchandising details"; mappings: 2026-09-07 completed-field-connections.json; populated rows 2026-09-10: 0
style	Style	text	core	Style; Amazon-required, eBay Stile, Etsy styles	OUTERWEAR, COAT, PANTS, SUIT, GLOVES, AUTO_ACCESSORY, APPAREL (Owner X-RACING template only)	tpl COAT+PANTS 2026-07=Conditionally required; tpl APPAREL 2026-07=Conditionally required; tpl COAT 2025-05=Conditionally required; OUTERWEAR IT schema=optional; validator missing-required 2026-09-07: OUTERWEAR/COAT/PANTS/SUIT	Style	Stile [177104,177109]	177104=optional; 177109=?	? (no matching std attribute in MO/MG/MPG; not mapped)	listing field styles (mapped 2026-09-10)	lifestyle, theme; imported "Style Name" variant key	dictionary: 2026-09-10 CustomAttribute read (etsy-attributes/master-data-audit.json, 242 rows); in 2026-09-11 Jackets family (198) as "Optional apparel and merchandising details"; mappings: 2026-09-07 completed-field-connections.json; populated rows 2026-09-10: 0
subject_character	Subject character	text	unused-or-duplicate	Licensed-character field; not relevant	OUTERWEAR, SUIT, APPAREL (Owner X-RACING template only)	tpl APPAREL 2026-07=Optional; tpl COAT 2025-05=Optional; OUTERWEAR IT schema=optional	none mapped	none mapped	n/a	? (no matching std attribute in MO/MG/MPG; not mapped)	?	none	dictionary: 2026-09-10 CustomAttribute read (etsy-attributes/master-data-audit.json, 242 rows); in 2026-09-11 Jackets family (198) as "Optional apparel and merchandising details"; mappings: 2026-09-07 completed-field-connections.json; populated rows 2026-09-10: 0
suit_type	Suit type	text	channel-specific	Amazon SUIT descriptor	SUIT	not required in any evidence (optional)	none mapped	none mapped	n/a	? (no matching std attribute in MO/MG/MPG; not mapped)	?	item_type_name	dictionary: 2026-09-10 CustomAttribute read (etsy-attributes/master-data-audit.json, 242 rows); not in 2026-09-11 Jackets family; mappings: 2026-09-07 completed-field-connections.json; populated rows 2026-09-10: 0
suitable_for	Suitable for	text	unused-or-duplicate	eBay "Adatto a" (Uomo/Donna/Unisex); same fact as target_gender	none mapped	n/a (no Amazon field sourced from it)	Suitable for	Adatto a [177104,177109]	177104=recommended; 177109=?	see target_gender	?	target_gender, department	dictionary: 2026-09-10 CustomAttribute read (etsy-attributes/master-data-audit.json, 242 rows); in 2026-09-11 Jackets family (198) as "Clarify ambiguous meaning"; mappings: 2026-09-07 completed-field-connections.json; populated rows 2026-09-10: 0
supplier_declared_dg_hz_regulation	Supplier declared dg hz regulation	text	channel-specific	Amazon DG declaration; required on every type; populated on 1 product	OUTERWEAR, COAT, SUIT, GLOVES, AUTO_ACCESSORY, APPAREL (Owner X-RACING template only)	tpl COAT+PANTS 2026-07=Required; tpl APPAREL 2026-07=Required; tpl COAT 2025-05=Required; OUTERWEAR IT schema=required; validator missing-required 2026-09-07: OUTERWEAR/COAT/SUIT/GLOVES/AUTO_ACCESSORY	none mapped	none mapped	n/a	? (no matching std attribute in MO/MG/MPG; not mapped)	?	hazmat, ghs, hazmatClass	dictionary: 2026-09-10 CustomAttribute read (etsy-attributes/master-data-audit.json, 242 rows); in 2026-09-11 Jackets family (198) as "Conditional safety and compliance"; mappings: 2026-09-07 completed-field-connections.json; populated rows 2026-09-10: 1
team_name	Team name	text	unused-or-duplicate	Licensed-merchandise field; not relevant. The eBay files carry a custom specific "team name" holding an item type	OUTERWEAR, COAT, PANTS, SUIT, GLOVES, AUTO_ACCESSORY, APPAREL (Owner X-RACING template only)	tpl COAT+PANTS 2026-07=Conditionally required; tpl APPAREL 2026-07=Conditionally required; tpl COAT 2025-05=Conditionally required; OUTERWEAR IT schema=requiredIfRelevant	none mapped	none mapped	n/a	? (no matching std attribute in MO/MG/MPG; not mapped)	?	none (misused: eBay custom specific "team name")	dictionary: 2026-09-10 CustomAttribute read (etsy-attributes/master-data-audit.json, 242 rows); in 2026-09-11 Jackets family (198) as "Optional apparel and merchandising details"; mappings: 2026-09-07 completed-field-connections.json; populated rows 2026-09-10: 0
temperature_rating	Temperature rating	text	channel-specific	Amazon OUTERWEAR descriptor	OUTERWEAR	OUTERWEAR IT schema=requiredIfRelevant	none mapped	none mapped	n/a	? (no matching std attribute in MO/MG/MPG; not mapped)	?	dup: temperature_minimumValue/Unit; seasons	dictionary: 2026-09-10 CustomAttribute read (etsy-attributes/master-data-audit.json, 242 rows); in 2026-09-11 Jackets family (198) as "Consolidate related concepts"; mappings: 2026-09-07 completed-field-connections.json; populated rows 2026-09-10: 0
theme	Theme	text	channel-specific	Amazon descriptor	OUTERWEAR, COAT, PANTS, SUIT, APPAREL (Owner X-RACING template only)	tpl COAT+PANTS 2026-07=Optional; tpl APPAREL 2026-07=Optional; tpl COAT 2025-05=Recommended; OUTERWEAR IT schema=optional	none mapped	none mapped	n/a	? (no matching std attribute in MO/MG/MPG; not mapped)	?	style	dictionary: 2026-09-10 CustomAttribute read (etsy-attributes/master-data-audit.json, 242 rows); in 2026-09-11 Jackets family (198) as "Optional apparel and merchandising details"; mappings: 2026-09-07 completed-field-connections.json; populated rows 2026-09-10: 0
title_differentiation	Title differentiation	text	channel-specific	Amazon title suffix; listing content, not a product fact	OUTERWEAR, COAT, PANTS, SUIT, GLOVES, AUTO_ACCESSORY, APPAREL (Owner X-RACING template only)	tpl COAT+PANTS 2026-07=Optional; tpl APPAREL 2026-07=Optional; OUTERWEAR IT schema=optional	none mapped	none mapped	n/a	? (no matching std attribute in MO/MG/MPG; not mapped)	?	title/name	dictionary: 2026-09-10 CustomAttribute read (etsy-attributes/master-data-audit.json, 242 rows); in 2026-09-11 Jackets family (198) as "Clarify ambiguous meaning"; mappings: 2026-09-07 completed-field-connections.json; populated rows 2026-09-10: 0
type	Type	text	channel-specific	eBay 177101 "Tipo" aspect	none mapped	n/a (no Amazon field sourced from it)	Type	Tipo [177101]	177101=?	? (no matching std attribute in MO/MG/MPG; not mapped)	listing field type (physical/digital) is a different meaning	item_type_name	dictionary: 2026-09-10 CustomAttribute read (etsy-attributes/master-data-audit.json, 242 rows); not in 2026-09-11 Jackets family; mappings: 2026-09-07 completed-field-connections.json; populated rows 2026-09-10: 0
ultraviolet_protection_factor	Ultraviolet protection factor	text	unused-or-duplicate	UPF rating; not relevant	PANTS	tpl COAT+PANTS 2026-07=Optional	none mapped	none mapped	n/a	? (no matching std attribute in MO/MG/MPG; not mapped)	?	none	dictionary: 2026-09-10 CustomAttribute read (etsy-attributes/master-data-audit.json, 242 rows); in 2026-09-11 Jackets family (198) as "Optional apparel and merchandising details"; mappings: 2026-09-07 completed-field-connections.json; populated rows 2026-09-10: 0
unit_count	Unit count	number	unused-or-duplicate	Amazon unit-price count; derive from number_of_items	COAT, PANTS, AUTO_ACCESSORY	tpl COAT+PANTS 2026-07=Optional	none mapped	none mapped	n/a	? (no matching std attribute in MO/MG/MPG; not mapped)	?	number_of_items, item_specific_quantity	dictionary: 2026-09-10 CustomAttribute read (etsy-attributes/master-data-audit.json, 242 rows); in 2026-09-11 Jackets family (198) as "Consolidate related concepts"; mappings: 2026-09-07 completed-field-connections.json; populated rows 2026-09-10: 0
unit_count__type	Unit count type	text	unused-or-duplicate	Amazon unit-price unit	COAT, PANTS, AUTO_ACCESSORY	tpl COAT+PANTS 2026-07=Optional	none mapped	none mapped	n/a	? (no matching std attribute in MO/MG/MPG; not mapped)	?	item_specific_unit	dictionary: 2026-09-10 CustomAttribute read (etsy-attributes/master-data-audit.json, 242 rows); in 2026-09-11 Jackets family (198) as "Consolidate related concepts"; mappings: 2026-09-07 completed-field-connections.json; populated rows 2026-09-10: 0
vehicle_fitment__code	Vehicle fitment code	text	channel-specific	Amazon AUTO_ACCESSORY fitment	AUTO_ACCESSORY	not required in any evidence (optional)	none mapped	none mapped	n/a	? (no matching std attribute in MO/MG/MPG; not mapped)	?	automotive_fit_type	dictionary: 2026-09-10 CustomAttribute read (etsy-attributes/master-data-audit.json, 242 rows); not in 2026-09-11 Jackets family; mappings: 2026-09-07 completed-field-connections.json; populated rows 2026-09-10: 0
vehicle_fitment__note	Vehicle fitment note	text	channel-specific	Amazon AUTO_ACCESSORY fitment	AUTO_ACCESSORY	not required in any evidence (optional)	none mapped	none mapped	n/a	? (no matching std attribute in MO/MG/MPG; not mapped)	?	automotive_fit_type	dictionary: 2026-09-10 CustomAttribute read (etsy-attributes/master-data-audit.json, 242 rows); not in 2026-09-11 Jackets family; mappings: 2026-09-07 completed-field-connections.json; populated rows 2026-09-10: 0
vehicle_fitment__standard	Vehicle fitment standard	text	channel-specific	Amazon AUTO_ACCESSORY fitment	AUTO_ACCESSORY	not required in any evidence (optional)	none mapped	none mapped	n/a	? (no matching std attribute in MO/MG/MPG; not mapped)	?	automotive_fit_type	dictionary: 2026-09-10 CustomAttribute read (etsy-attributes/master-data-audit.json, 242 rows); not in 2026-09-11 Jackets family; mappings: 2026-09-07 completed-field-connections.json; populated rows 2026-09-10: 0
version_for_country	Version for country	text	unused-or-duplicate	Media field; not relevant	COAT {absent from Owner 2026-07 COAT+PANTS template}	tpl COAT 2025-05=Conditionally required	none mapped	none mapped	n/a	? (no matching std attribute in MO/MG/MPG; not mapped)	?	none	dictionary: 2026-09-10 CustomAttribute read (etsy-attributes/master-data-audit.json, 242 rows); in 2026-09-11 Jackets family (198) as "Clarify ambiguous meaning"; mappings: 2026-09-07 completed-field-connections.json; populated rows 2026-09-10: 0
volume_capacity_nameUnit	Volume capacity name Unit	text	channel-specific	Amazon AUTO_ACCESSORY capacity unit (helmet bag litres)	AUTO_ACCESSORY [Amazon field: volume_capacity_name]	not required in any evidence (optional)	none mapped	none mapped	n/a	? (no matching std attribute in MO/MG/MPG; not mapped)	?	volume_capacity_nameValue	dictionary: 2026-09-10 CustomAttribute read (etsy-attributes/master-data-audit.json, 242 rows); not in 2026-09-11 Jackets family; mappings: 2026-09-07 completed-field-connections.json; populated rows 2026-09-10: 0
volume_capacity_nameValue	Volume capacity name Value	number	channel-specific	Amazon AUTO_ACCESSORY capacity (helmet bag litres)	AUTO_ACCESSORY [Amazon field: volume_capacity_name]	not required in any evidence (optional)	none mapped	none mapped	n/a	? (no matching std attribute in MO/MG/MPG; not mapped)	?	volume_capacity_nameUnit	dictionary: 2026-09-10 CustomAttribute read (etsy-attributes/master-data-audit.json, 242 rows); not in 2026-09-11 Jackets family; mappings: 2026-09-07 completed-field-connections.json; populated rows 2026-09-10: 0
waist__sizeUnit	Waist size Unit	text	core	Size-chart measurement unit	PANTS [Amazon field: waist__size]	tpl COAT+PANTS 2026-07=Optional	none mapped	none mapped	n/a	? (no matching std attribute in MO/MG/MPG; not mapped)	?	waist__sizeValue	dictionary: 2026-09-10 CustomAttribute read (etsy-attributes/master-data-audit.json, 242 rows); in 2026-09-11 Jackets family (198) as "Structured measurements and size systems"; mappings: 2026-09-07 completed-field-connections.json; populated rows 2026-09-10: 0
waist__sizeValue	Waist size Value	number	core	Waist measurement; size-chart fact (Amazon PANTS)	PANTS [Amazon field: waist__size]	tpl COAT+PANTS 2026-07=Optional	none mapped	none mapped	n/a	? (no matching std attribute in MO/MG/MPG; not mapped)	?	dup: waistValue (SUIT), waist__widthValue (COAT); bottoms_size__waist_size (label)	dictionary: 2026-09-10 CustomAttribute read (etsy-attributes/master-data-audit.json, 242 rows); in 2026-09-11 Jackets family (198) as "Structured measurements and size systems"; mappings: 2026-09-07 completed-field-connections.json; populated rows 2026-09-10: 0
waist__style	Waist style	text	channel-specific	Amazon descriptor	COAT, PANTS	tpl COAT+PANTS 2026-07=Optional	none mapped	none mapped	n/a	? (no matching std attribute in MO/MG/MPG; not mapped)	?	rise__style	dictionary: 2026-09-10 CustomAttribute read (etsy-attributes/master-data-audit.json, 242 rows); in 2026-09-11 Jackets family (198) as "Structured measurements and size systems"; mappings: 2026-09-07 completed-field-connections.json; populated rows 2026-09-10: 0
waist__widthUnit	Waist width Unit	text	unused-or-duplicate	Duplicate waist measurement unit (COAT)	COAT [Amazon field: waist__width]	tpl COAT+PANTS 2026-07=Optional	none mapped	none mapped	n/a	? (no matching std attribute in MO/MG/MPG; not mapped)	?	waist__sizeUnit	dictionary: 2026-09-10 CustomAttribute read (etsy-attributes/master-data-audit.json, 242 rows); in 2026-09-11 Jackets family (198) as "Structured measurements and size systems"; mappings: 2026-09-07 completed-field-connections.json; populated rows 2026-09-10: 0
waist__widthValue	Waist width Value	number	unused-or-duplicate	Duplicate waist measurement (COAT spelling)	COAT [Amazon field: waist__width]	tpl COAT+PANTS 2026-07=Optional	none mapped	none mapped	n/a	? (no matching std attribute in MO/MG/MPG; not mapped)	?	waist__sizeValue	dictionary: 2026-09-10 CustomAttribute read (etsy-attributes/master-data-audit.json, 242 rows); in 2026-09-11 Jackets family (198) as "Structured measurements and size systems"; mappings: 2026-09-07 completed-field-connections.json; populated rows 2026-09-10: 0
waistUnit	Waist Unit	text	unused-or-duplicate	Duplicate waist measurement unit (SUIT spelling)	SUIT [Amazon field: waist]	not required in any evidence (optional)	none mapped	none mapped	n/a	? (no matching std attribute in MO/MG/MPG; not mapped)	?	waist__sizeUnit	dictionary: 2026-09-10 CustomAttribute read (etsy-attributes/master-data-audit.json, 242 rows); not in 2026-09-11 Jackets family; mappings: 2026-09-07 completed-field-connections.json; populated rows 2026-09-10: 0
waistValue	Waist Value	number	unused-or-duplicate	Duplicate waist measurement (SUIT spelling)	SUIT [Amazon field: waist]	not required in any evidence (optional)	none mapped	none mapped	n/a	? (no matching std attribute in MO/MG/MPG; not mapped)	?	waist__sizeValue	dictionary: 2026-09-10 CustomAttribute read (etsy-attributes/master-data-audit.json, 242 rows); not in 2026-09-11 Jackets family; mappings: 2026-09-07 completed-field-connections.json; populated rows 2026-09-10: 0
warranty_description	Warranty description	textarea	unused-or-duplicate	Amazon warranty text (flagged missing-required on GLOVES/AUTO_ACCESSORY); same fact as manufacturer_warranty	GLOVES, AUTO_ACCESSORY	validator missing-required 2026-09-07: GLOVES/AUTO_ACCESSORY	none mapped	none mapped	n/a	? (no matching std attribute in MO/MG/MPG; not mapped)	?	manufacturer_warranty	dictionary: 2026-09-10 CustomAttribute read (etsy-attributes/master-data-audit.json, 242 rows); not in 2026-09-11 Jackets family; mappings: 2026-09-07 completed-field-connections.json; populated rows 2026-09-10: 0
weave_type	Weave type	text	channel-specific	Amazon weave (woven/knit); required and flagged missing on apparel; populated on 1 product	OUTERWEAR, COAT, PANTS, SUIT	tpl COAT+PANTS 2026-07=Conditionally required; tpl COAT 2025-05=Conditionally required; OUTERWEAR IT schema=requiredIfRelevant; validator missing-required 2026-09-07: OUTERWEAR/COAT/PANTS/SUIT	none mapped	none mapped	n/a	? (no matching std attribute in MO/MG/MPG; not mapped)	?	compliance_weave_type, fabric_type	dictionary: 2026-09-10 CustomAttribute read (etsy-attributes/master-data-audit.json, 242 rows); in 2026-09-11 Jackets family (198) as "Optional apparel and merchandising details"; mappings: 2026-09-07 completed-field-connections.json; populated rows 2026-09-10: 1
width	Width	text	unused-or-duplicate	eBay Larghezza; options repeat length values; overlaps length/item_length_description	none mapped	n/a (no Amazon field sourced from it)	Width	Larghezza [177104,177109]	177104=optional; 177109=?	? (no matching std attribute in MO/MG/MPG; not mapped)	?	length, item_length_description	dictionary: 2026-09-10 CustomAttribute read (etsy-attributes/master-data-audit.json, 242 rows); in 2026-09-11 Jackets family (198) as "Clarify ambiguous meaning"; mappings: 2026-09-07 completed-field-connections.json; populated rows 2026-09-10: 0
temperature_minimumUnit	Temperature minimum Unit	text	unused-or-duplicate	Structured copy of temperature_rating (added by the 2026-09-07 plan)	none mapped	n/a (no Amazon field sourced from it)	none mapped	none mapped	n/a	? (no matching std attribute in MO/MG/MPG; not mapped)	?	temperature_rating	dictionary: 2026-09-10 CustomAttribute read (etsy-attributes/master-data-audit.json, 242 rows); in 2026-09-11 Jackets family (198) as "Consolidate related concepts"; mappings: 2026-09-07 completed-field-connections.json; populated rows 2026-09-10: 0
temperature_minimumValue	Temperature minimum Value	number	unused-or-duplicate	Structured copy of temperature_rating (added by the 2026-09-07 plan)	none mapped	n/a (no Amazon field sourced from it)	none mapped	none mapped	n/a	? (no matching std attribute in MO/MG/MPG; not mapped)	?	temperature_rating	dictionary: 2026-09-10 CustomAttribute read (etsy-attributes/master-data-audit.json, 242 rows); in 2026-09-11 Jackets family (198) as "Consolidate related concepts"; mappings: 2026-09-07 completed-field-connections.json; populated rows 2026-09-10: 0
shopify_product_type	Shopify product type	text	channel-specific	Shopify product type default (added 2026-09-10); channel-owned	none mapped	n/a (no Amazon field sourced from it)	none mapped	none mapped	n/a	native productType (mapped 2026-09-10)	?	item_type_name	dictionary: 2026-09-10 CustomAttribute read (etsy-attributes/master-data-audit.json, 242 rows); in 2026-09-11 Jackets family (198) as "Channel-owned default"; mappings: 2026-09-07 completed-field-connections.json; populated rows 2026-09-10: 0
